mode,nb_digits,e,t,custom_type,custom_count,double_count,runtime,status,setting_json,error
sig,1,11,1,"flx::floatx<11, 1>",7,8,103.084241,ok,"{""double"": [""1"", ""2"", ""2"", ""3"", ""4"", ""5"", ""5"", ""6""], ""flx::floatx<11, 1>"": [""0"", ""1"", ""3"", ""4"", ""6"", ""7"", ""8""]}",
sig,1,11,2,"flx::floatx<11, 2>",7,8,101.841033,ok,"{""double"": [""1"", ""2"", ""2"", ""3"", ""4"", ""5"", ""5"", ""6""], ""flx::floatx<11, 2>"": [""0"", ""1"", ""3"", ""4"", ""6"", ""7"", ""8""]}",
sig,1,11,3,"flx::floatx<11, 3>",7,8,101.940953,ok,"{""double"": [""1"", ""2"", ""2"", ""3"", ""4"", ""5"", ""5"", ""6""], ""flx::floatx<11, 3>"": [""0"", ""1"", ""3"", ""4"", ""6"", ""7"", ""8""]}",
sig,1,11,4,"flx::floatx<11, 4>",7,8,102.452228,ok,"{""double"": [""1"", ""2"", ""2"", ""3"", ""4"", ""5"", ""5"", ""6""], ""flx::floatx<11, 4>"": [""0"", ""1"", ""3"", ""4"", ""6"", ""7"", ""8""]}",
sig,1,11,5,"flx::floatx<11, 5>",7,8,101.708936,ok,"{""double"": [""1"", ""2"", ""2"", ""3"", ""4"", ""5"", ""5"", ""6""], ""flx::floatx<11, 5>"": [""0"", ""1"", ""3"", ""4"", ""6"", ""7"", ""8""]}",
sig,1,11,6,"flx::floatx<11, 6>",7,8,101.390194,ok,"{""double"": [""1"", ""2"", ""2"", ""3"", ""4"", ""5"", ""5"", ""6""], ""flx::floatx<11, 6>"": [""0"", ""1"", ""3"", ""4"", ""6"", ""7"", ""8""]}",
sig,1,11,7,"flx::floatx<11, 7>",7,8,102.173250,ok,"{""double"": [""1"", ""2"", ""2"", ""3"", ""4"", ""5"", ""5"", ""6""], ""flx::floatx<11, 7>"": [""0"", ""1"", ""3"", ""4"", ""6"", ""7"", ""8""]}",
sig,1,11,8,"flx::floatx<11, 8>",7,8,102.154638,ok,"{""double"": [""1"", ""2"", ""2"", ""3"", ""4"", ""5"", ""5"", ""6""], ""flx::floatx<11, 8>"": [""0"", ""1"", ""3"", ""4"", ""6"", ""7"", ""8""]}",
sig,1,11,9,"flx::floatx<11, 9>",7,8,101.600686,ok,"{""double"": [""1"", ""2"", ""2"", ""3"", ""4"", ""5"", ""5"", ""6""], ""flx::floatx<11, 9>"": [""0"", ""1"", ""3"", ""4"", ""6"", ""7"", ""8""]}",
sig,1,11,10,"flx::floatx<11, 10>",7,8,101.694356,ok,"{""double"": [""1"", ""2"", ""2"", ""3"", ""4"", ""5"", ""5"", ""6""], ""flx::floatx<11, 10>"": [""0"", ""1"", ""3"", ""4"", ""6"", ""7"", ""8""]}",
sig,1,11,11,"flx::floatx<11, 11>",7,8,102.344304,ok,"{""double"": [""1"", ""2"", ""2"", ""3"", ""4"", ""5"", ""5"", ""6""], ""flx::floatx<11, 11>"": [""0"", ""1"", ""3"", ""4"", ""6"", ""7"", ""8""]}",
sig,1,11,12,"flx::floatx<11, 12>",7,8,102.407852,ok,"{""double"": [""1"", ""2"", ""2"", ""3"", ""4"", ""5"", ""5"", ""6""], ""flx::floatx<11, 12>"": [""0"", ""1"", ""3"", ""4"", ""6"", ""7"", ""8""]}",
sig,1,11,13,"flx::floatx<11, 13>",7,8,101.529521,ok,"{""double"": [""1"", ""2"", ""2"", ""3"", ""4"", ""5"", ""5"", ""6""], ""flx::floatx<11, 13>"": [""0"", ""1"", ""3"", ""4"", ""6"", ""7"", ""8""]}",
sig,1,11,14,"flx::floatx<11, 14>",7,8,101.802083,ok,"{""double"": [""1"", ""2"", ""2"", ""3"", ""4"", ""5"", ""5"", ""6""], ""flx::floatx<11, 14>"": [""0"", ""1"", ""3"", ""4"", ""6"", ""7"", ""8""]}",
sig,1,11,15,"flx::floatx<11, 15>",7,8,102.378843,ok,"{""double"": [""1"", ""2"", ""2"", ""3"", ""4"", ""5"", ""5"", ""6""], ""flx::floatx<11, 15>"": [""0"", ""1"", ""3"", ""4"", ""6"", ""7"", ""8""]}",
sig,1,11,16,"flx::floatx<11, 16>",7,8,101.489032,ok,"{""double"": [""1"", ""2"", ""2"", ""3"", ""4"", ""5"", ""5"", ""6""], ""flx::floatx<11, 16>"": [""0"", ""1"", ""3"", ""4"", ""6"", ""7"", ""8""]}",
sig,1,11,17,"flx::floatx<11, 17>",7,8,102.393943,ok,"{""double"": [""1"", ""2"", ""2"", ""3"", ""4"", ""5"", ""5"", ""6""], ""flx::floatx<11, 17>"": [""0"", ""1"", ""3"", ""4"", ""6"", ""7"", ""8""]}",
sig,1,11,18,"flx::floatx<11, 18>",7,8,102.002571,ok,"{""double"": [""1"", ""2"", ""2"", ""3"", ""4"", ""5"", ""5"", ""6""], ""flx::floatx<11, 18>"": [""0"", ""1"", ""3"", ""4"", ""6"", ""7"", ""8""]}",
sig,1,11,19,"flx::floatx<11, 19>",7,8,102.291216,ok,"{""double"": [""1"", ""2"", ""2"", ""3"", ""4"", ""5"", ""5"", ""6""], ""flx::floatx<11, 19>"": [""0"", ""1"", ""3"", ""4"", ""6"", ""7"", ""8""]}",
sig,1,11,20,"flx::floatx<11, 20>",7,8,101.716997,ok,"{""double"": [""1"", ""2"", ""2"", ""3"", ""4"", ""5"", ""5"", ""6""], ""flx::floatx<11, 20>"": [""0"", ""1"", ""3"", ""4"", ""6"", ""7"", ""8""]}",
sig,1,11,21,"flx::floatx<11, 21>",7,8,101.430899,ok,"{""double"": [""1"", ""2"", ""2"", ""3"", ""4"", ""5"", ""5"", ""6""], ""flx::floatx<11, 21>"": [""0"", ""1"", ""3"", ""4"", ""6"", ""7"", ""8""]}",
sig,1,11,22,"flx::floatx<11, 22>",7,8,101.756797,ok,"{""double"": [""1"", ""2"", ""2"", ""3"", ""4"", ""5"", ""5"", ""6""], ""flx::floatx<11, 22>"": [""0"", ""1"", ""3"", ""4"", ""6"", ""7"", ""8""]}",
sig,1,11,23,"flx::floatx<11, 23>",7,8,102.887718,ok,"{""double"": [""1"", ""2"", ""2"", ""3"", ""4"", ""5"", ""5"", ""6""], ""flx::floatx<11, 23>"": [""0"", ""1"", ""3"", ""4"", ""6"", ""7"", ""8""]}",
sig,1,11,24,"flx::floatx<11, 24>",7,8,102.295296,ok,"{""double"": [""1"", ""2"", ""2"", ""3"", ""4"", ""5"", ""5"", ""6""], ""flx::floatx<11, 24>"": [""0"", ""1"", ""3"", ""4"", ""6"", ""7"", ""8""]}",
sig,1,11,25,"flx::floatx<11, 25>",7,8,101.816257,ok,"{""double"": [""1"", ""2"", ""2"", ""3"", ""4"", ""5"", ""5"", ""6""], ""flx::floatx<11, 25>"": [""0"", ""1"", ""3"", ""4"", ""6"", ""7"", ""8""]}",
sig,1,11,26,"flx::floatx<11, 26>",7,8,102.236892,ok,"{""double"": [""1"", ""2"", ""2"", ""3"", ""4"", ""5"", ""5"", ""6""], ""flx::floatx<11, 26>"": [""0"", ""1"", ""3"", ""4"", ""6"", ""7"", ""8""]}",
sig,1,11,27,"flx::floatx<11, 27>",7,8,102.222153,ok,"{""double"": [""1"", ""2"", ""2"", ""3"", ""4"", ""5"", ""5"", ""6""], ""flx::floatx<11, 27>"": [""0"", ""1"", ""3"", ""4"", ""6"", ""7"", ""8""]}",
sig,1,11,28,"flx::floatx<11, 28>",7,8,101.690219,ok,"{""double"": [""1"", ""2"", ""2"", ""3"", ""4"", ""5"", ""5"", ""6""], ""flx::floatx<11, 28>"": [""0"", ""1"", ""3"", ""4"", ""6"", ""7"", ""8""]}",
sig,1,11,29,"flx::floatx<11, 29>",7,8,101.892323,ok,"{""double"": [""1"", ""2"", ""2"", ""3"", ""4"", ""5"", ""5"", ""6""], ""flx::floatx<11, 29>"": [""0"", ""1"", ""3"", ""4"", ""6"", ""7"", ""8""]}",
sig,1,11,30,"flx::floatx<11, 30>",7,8,101.583661,ok,"{""double"": [""1"", ""2"", ""2"", ""3"", ""4"", ""5"", ""5"", ""6""], ""flx::floatx<11, 30>"": [""0"", ""1"", ""3"", ""4"", ""6"", ""7"", ""8""]}",
sig,1,11,31,"flx::floatx<11, 31>",7,8,107.274511,ok,"{""double"": [""1"", ""2"", ""2"", ""3"", ""4"", ""5"", ""5"", ""6""], ""flx::floatx<11, 31>"": [""0"", ""1"", ""3"", ""4"", ""6"", ""7"", ""8""]}",
sig,1,11,32,"flx::floatx<11, 32>",7,8,102.400456,ok,"{""double"": [""1"", ""2"", ""2"", ""3"", ""4"", ""5"", ""5"", ""6""], ""flx::floatx<11, 32>"": [""0"", ""1"", ""3"", ""4"", ""6"", ""7"", ""8""]}",
sig,1,11,33,"flx::floatx<11, 33>",7,8,102.197991,ok,"{""double"": [""1"", ""2"", ""2"", ""3"", ""4"", ""5"", ""5"", ""6""], ""flx::floatx<11, 33>"": [""0"", ""1"", ""3"", ""4"", ""6"", ""7"", ""8""]}",
sig,1,11,34,"flx::floatx<11, 34>",7,8,101.616823,ok,"{""double"": [""1"", ""2"", ""2"", ""3"", ""4"", ""5"", ""5"", ""6""], ""flx::floatx<11, 34>"": [""0"", ""1"", ""3"", ""4"", ""6"", ""7"", ""8""]}",
sig,1,11,35,"flx::floatx<11, 35>",7,8,101.952140,ok,"{""double"": [""1"", ""2"", ""2"", ""3"", ""4"", ""5"", ""5"", ""6""], ""flx::floatx<11, 35>"": [""0"", ""1"", ""3"", ""4"", ""6"", ""7"", ""8""]}",
sig,1,11,36,"flx::floatx<11, 36>",7,8,101.970632,ok,"{""double"": [""1"", ""2"", ""2"", ""3"", ""4"", ""5"", ""5"", ""6""], ""flx::floatx<11, 36>"": [""0"", ""1"", ""3"", ""4"", ""6"", ""7"", ""8""]}",
sig,1,11,37,"flx::floatx<11, 37>",7,8,101.960197,ok,"{""double"": [""1"", ""2"", ""2"", ""3"", ""4"", ""5"", ""5"", ""6""], ""flx::floatx<11, 37>"": [""0"", ""1"", ""3"", ""4"", ""6"", ""7"", ""8""]}",
sig,1,11,38,"flx::floatx<11, 38>",7,8,102.050032,ok,"{""double"": [""1"", ""2"", ""2"", ""3"", ""4"", ""5"", ""5"", ""6""], ""flx::floatx<11, 38>"": [""0"", ""1"", ""3"", ""4"", ""6"", ""7"", ""8""]}",
sig,1,11,39,"flx::floatx<11, 39>",7,8,101.221778,ok,"{""double"": [""1"", ""2"", ""2"", ""3"", ""4"", ""5"", ""5"", ""6""], ""flx::floatx<11, 39>"": [""0"", ""1"", ""3"", ""4"", ""6"", ""7"", ""8""]}",
sig,1,11,40,"flx::floatx<11, 40>",7,8,101.543348,ok,"{""double"": [""1"", ""2"", ""2"", ""3"", ""4"", ""5"", ""5"", ""6""], ""flx::floatx<11, 40>"": [""0"", ""1"", ""3"", ""4"", ""6"", ""7"", ""8""]}",
sig,1,11,41,"flx::floatx<11, 41>",7,8,102.316082,ok,"{""double"": [""1"", ""2"", ""2"", ""3"", ""4"", ""5"", ""5"", ""6""], ""flx::floatx<11, 41>"": [""0"", ""1"", ""3"", ""4"", ""6"", ""7"", ""8""]}",
sig,1,11,42,"flx::floatx<11, 42>",7,8,103.738224,ok,"{""double"": [""1"", ""2"", ""2"", ""3"", ""4"", ""5"", ""5"", ""6""], ""flx::floatx<11, 42>"": [""0"", ""1"", ""3"", ""4"", ""6"", ""7"", ""8""]}",
sig,1,11,43,"flx::floatx<11, 43>",7,8,101.649453,ok,"{""double"": [""1"", ""2"", ""2"", ""3"", ""4"", ""5"", ""5"", ""6""], ""flx::floatx<11, 43>"": [""0"", ""1"", ""3"", ""4"", ""6"", ""7"", ""8""]}",
sig,1,11,44,"flx::floatx<11, 44>",7,8,101.257742,ok,"{""double"": [""1"", ""2"", ""2"", ""3"", ""4"", ""5"", ""5"", ""6""], ""flx::floatx<11, 44>"": [""0"", ""1"", ""3"", ""4"", ""6"", ""7"", ""8""]}",
sig,1,11,45,"flx::floatx<11, 45>",7,8,101.232406,ok,"{""double"": [""1"", ""2"", ""2"", ""3"", ""4"", ""5"", ""5"", ""6""], ""flx::floatx<11, 45>"": [""0"", ""1"", ""3"", ""4"", ""6"", ""7"", ""8""]}",
sig,1,11,46,"flx::floatx<11, 46>",7,8,101.531440,ok,"{""double"": [""1"", ""2"", ""2"", ""3"", ""4"", ""5"", ""5"", ""6""], ""flx::floatx<11, 46>"": [""0"", ""1"", ""3"", ""4"", ""6"", ""7"", ""8""]}",
sig,1,11,47,"flx::floatx<11, 47>",7,8,101.560383,ok,"{""double"": [""1"", ""2"", ""2"", ""3"", ""4"", ""5"", ""5"", ""6""], ""flx::floatx<11, 47>"": [""0"", ""1"", ""3"", ""4"", ""6"", ""7"", ""8""]}",
sig,1,11,48,"flx::floatx<11, 48>",7,8,101.763506,ok,"{""double"": [""1"", ""2"", ""2"", ""3"", ""4"", ""5"", ""5"", ""6""], ""flx::floatx<11, 48>"": [""0"", ""1"", ""3"", ""4"", ""6"", ""7"", ""8""]}",
sig,1,11,49,"flx::floatx<11, 49>",7,8,102.105712,ok,"{""double"": [""1"", ""2"", ""2"", ""3"", ""4"", ""5"", ""5"", ""6""], ""flx::floatx<11, 49>"": [""0"", ""1"", ""3"", ""4"", ""6"", ""7"", ""8""]}",
sig,1,11,50,"flx::floatx<11, 50>",7,8,101.850991,ok,"{""double"": [""1"", ""2"", ""2"", ""3"", ""4"", ""5"", ""5"", ""6""], ""flx::floatx<11, 50>"": [""0"", ""1"", ""3"", ""4"", ""6"", ""7"", ""8""]}",
sig,1,11,51,"flx::floatx<11, 51>",7,8,101.820664,ok,"{""double"": [""1"", ""2"", ""2"", ""3"", ""4"", ""5"", ""5"", ""6""], ""flx::floatx<11, 51>"": [""0"", ""1"", ""3"", ""4"", ""6"", ""7"", ""8""]}",
sig,1,11,52,"flx::floatx<11, 52>",7,8,102.240016,ok,"{""double"": [""1"", ""2"", ""2"", ""3"", ""4"", ""5"", ""5"", ""6""], ""flx::floatx<11, 52>"": [""0"", ""1"", ""3"", ""4"", ""6"", ""7"", ""8""]}",
exp,1,1,52,"flx::floatx<1, 52>",7,8,101.943457,ok,"{""double"": [""1"", ""2"", ""2"", ""3"", ""4"", ""5"", ""5"", ""6""], ""flx::floatx<1, 52>"": [""0"", ""1"", ""3"", ""4"", ""6"", ""7"", ""8""]}",
exp,1,2,52,"flx::floatx<2, 52>",7,8,101.138743,ok,"{""double"": [""1"", ""2"", ""2"", ""3"", ""4"", ""5"", ""5"", ""6""], ""flx::floatx<2, 52>"": [""0"", ""1"", ""3"", ""4"", ""6"", ""7"", ""8""]}",
exp,1,3,52,"flx::floatx<3, 52>",7,8,101.742830,ok,"{""double"": [""1"", ""2"", ""2"", ""3"", ""4"", ""5"", ""5"", ""6""], ""flx::floatx<3, 52>"": [""0"", ""1"", ""3"", ""4"", ""6"", ""7"", ""8""]}",
exp,1,4,52,"flx::floatx<4, 52>",7,8,102.094437,ok,"{""double"": [""1"", ""2"", ""2"", ""3"", ""4"", ""5"", ""5"", ""6""], ""flx::floatx<4, 52>"": [""0"", ""1"", ""3"", ""4"", ""6"", ""7"", ""8""]}",
exp,1,5,52,"flx::floatx<5, 52>",7,8,101.995346,ok,"{""double"": [""1"", ""2"", ""2"", ""3"", ""4"", ""5"", ""5"", ""6""], ""flx::floatx<5, 52>"": [""0"", ""1"", ""3"", ""4"", ""6"", ""7"", ""8""]}",
exp,1,6,52,"flx::floatx<6, 52>",7,8,101.554200,ok,"{""double"": [""1"", ""2"", ""2"", ""3"", ""4"", ""5"", ""5"", ""6""], ""flx::floatx<6, 52>"": [""0"", ""1"", ""3"", ""4"", ""6"", ""7"", ""8""]}",
exp,1,7,52,"flx::floatx<7, 52>",7,8,101.553953,ok,"{""double"": [""1"", ""2"", ""2"", ""3"", ""4"", ""5"", ""5"", ""6""], ""flx::floatx<7, 52>"": [""0"", ""1"", ""3"", ""4"", ""6"", ""7"", ""8""]}",
exp,1,8,52,"flx::floatx<8, 52>",7,8,102.059800,ok,"{""double"": [""1"", ""2"", ""2"", ""3"", ""4"", ""5"", ""5"", ""6""], ""flx::floatx<8, 52>"": [""0"", ""1"", ""3"", ""4"", ""6"", ""7"", ""8""]}",
exp,1,9,52,"flx::floatx<9, 52>",7,8,102.109727,ok,"{""double"": [""1"", ""2"", ""2"", ""3"", ""4"", ""5"", ""5"", ""6""], ""flx::floatx<9, 52>"": [""0"", ""1"", ""3"", ""4"", ""6"", ""7"", ""8""]}",
exp,1,10,52,"flx::floatx<10, 52>",7,8,101.840471,ok,"{""double"": [""1"", ""2"", ""2"", ""3"", ""4"", ""5"", ""5"", ""6""], ""flx::floatx<10, 52>"": [""0"", ""1"", ""3"", ""4"", ""6"", ""7"", ""8""]}",
exp,1,11,52,"flx::floatx<11, 52>",7,8,102.143499,ok,"{""double"": [""1"", ""2"", ""2"", ""3"", ""4"", ""5"", ""5"", ""6""], ""flx::floatx<11, 52>"": [""0"", ""1"", ""3"", ""4"", ""6"", ""7"", ""8""]}",
sig,2,11,1,"flx::floatx<11, 1>",3,12,112.547312,ok,"{""double"": [""0"", ""1"", ""1"", ""2"", ""2"", ""3"", ""3"", ""4"", ""4"", ""5"", ""5"", ""6""], ""flx::floatx<11, 1>"": [""6"", ""7"", ""8""]}",
sig,2,11,2,"flx::floatx<11, 2>",3,12,111.820079,ok,"{""double"": [""0"", ""1"", ""1"", ""2"", ""2"", ""3"", ""3"", ""4"", ""4"", ""5"", ""5"", ""6""], ""flx::floatx<11, 2>"": [""6"", ""7"", ""8""]}",
sig,2,11,3,"flx::floatx<11, 3>",5,10,107.320743,ok,"{""double"": [""0"", ""1"", ""2"", ""2"", ""3"", ""3"", ""4"", ""5"", ""5"", ""6""], ""flx::floatx<11, 3>"": [""1"", ""4"", ""6"", ""7"", ""8""]}",
sig,2,11,4,"flx::floatx<11, 4>",5,10,106.951052,ok,"{""double"": [""0"", ""1"", ""2"", ""2"", ""3"", ""3"", ""4"", ""5"", ""5"", ""6""], ""flx::floatx<11, 4>"": [""1"", ""4"", ""6"", ""7"", ""8""]}",
sig,2,11,5,"flx::floatx<11, 5>",5,10,107.454387,ok,"{""double"": [""0"", ""1"", ""2"", ""2"", ""3"", ""3"", ""4"", ""5"", ""5"", ""6""], ""flx::floatx<11, 5>"": [""1"", ""4"", ""6"", ""7"", ""8""]}",
sig,2,11,6,"flx::floatx<11, 6>",6,9,104.219255,ok,"{""double"": [""1"", ""2"", ""2"", ""3"", ""4"", ""4"", ""5"", ""5"", ""6""], ""flx::floatx<11, 6>"": [""0"", ""1"", ""3"", ""6"", ""7"", ""8""]}",
sig,2,11,7,"flx::floatx<11, 7>",7,8,102.642701,ok,"{""double"": [""1"", ""2"", ""2"", ""3"", ""4"", ""5"", ""5"", ""6""], ""flx::floatx<11, 7>"": [""0"", ""1"", ""3"", ""4"", ""6"", ""7"", ""8""]}",
sig,2,11,8,"flx::floatx<11, 8>",7,8,101.659068,ok,"{""double"": [""1"", ""2"", ""2"", ""3"", ""4"", ""5"", ""5"", ""6""], ""flx::floatx<11, 8>"": [""0"", ""1"", ""3"", ""4"", ""6"", ""7"", ""8""]}",
sig,2,11,9,"flx::floatx<11, 9>",7,8,102.056709,ok,"{""double"": [""1"", ""2"", ""2"", ""3"", ""4"", ""5"", ""5"", ""6""], ""flx::floatx<11, 9>"": [""0"", ""1"", ""3"", ""4"", ""6"", ""7"", ""8""]}",
sig,2,11,10,"flx::floatx<11, 10>",7,8,101.770532,ok,"{""double"": [""1"", ""2"", ""2"", ""3"", ""4"", ""5"", ""5"", ""6""], ""flx::floatx<11, 10>"": [""0"", ""1"", ""3"", ""4"", ""6"", ""7"", ""8""]}",
sig,2,11,11,"flx::floatx<11, 11>",7,8,102.228298,ok,"{""double"": [""1"", ""2"", ""2"", ""3"", ""4"", ""5"", ""5"", ""6""], ""flx::floatx<11, 11>"": [""0"", ""1"", ""3"", ""4"", ""6"", ""7"", ""8""]}",
sig,2,11,12,"flx::floatx<11, 12>",7,8,102.693345,ok,"{""double"": [""1"", ""2"", ""2"", ""3"", ""4"", ""5"", ""5"", ""6""], ""flx::floatx<11, 12>"": [""0"", ""1"", ""3"", ""4"", ""6"", ""7"", ""8""]}",
sig,2,11,13,"flx::floatx<11, 13>",7,8,101.631241,ok,"{""double"": [""1"", ""2"", ""2"", ""3"", ""4"", ""5"", ""5"", ""6""], ""flx::floatx<11, 13>"": [""0"", ""1"", ""3"", ""4"", ""6"", ""7"", ""8""]}",
sig,2,11,14,"flx::floatx<11, 14>",7,8,105.006099,ok,"{""double"": [""1"", ""2"", ""2"", ""3"", ""4"", ""5"", ""5"", ""6""], ""flx::floatx<11, 14>"": [""0"", ""1"", ""3"", ""4"", ""6"", ""7"", ""8""]}",
sig,2,11,15,"flx::floatx<11, 15>",7,8,102.622043,ok,"{""double"": [""1"", ""2"", ""2"", ""3"", ""4"", ""5"", ""5"", ""6""], ""flx::floatx<11, 15>"": [""0"", ""1"", ""3"", ""4"", ""6"", ""7"", ""8""]}",
sig,2,11,16,"flx::floatx<11, 16>",7,8,101.788006,ok,"{""double"": [""1"", ""2"", ""2"", ""3"", ""4"", ""5"", ""5"", ""6""], ""flx::floatx<11, 16>"": [""0"", ""1"", ""3"", ""4"", ""6"", ""7"", ""8""]}",
sig,2,11,17,"flx::floatx<11, 17>",7,8,101.703779,ok,"{""double"": [""1"", ""2"", ""2"", ""3"", ""4"", ""5"", ""5"", ""6""], ""flx::floatx<11, 17>"": [""0"", ""1"", ""3"", ""4"", ""6"", ""7"", ""8""]}",
sig,2,11,18,"flx::floatx<11, 18>",7,8,101.795608,ok,"{""double"": [""1"", ""2"", ""2"", ""3"", ""4"", ""5"", ""5"", ""6""], ""flx::floatx<11, 18>"": [""0"", ""1"", ""3"", ""4"", ""6"", ""7"", ""8""]}",
sig,2,11,19,"flx::floatx<11, 19>",7,8,102.032380,ok,"{""double"": [""1"", ""2"", ""2"", ""3"", ""4"", ""5"", ""5"", ""6""], ""flx::floatx<11, 19>"": [""0"", ""1"", ""3"", ""4"", ""6"", ""7"", ""8""]}",
sig,2,11,20,"flx::floatx<11, 20>",7,8,101.855351,ok,"{""double"": [""1"", ""2"", ""2"", ""3"", ""4"", ""5"", ""5"", ""6""], ""flx::floatx<11, 20>"": [""0"", ""1"", ""3"", ""4"", ""6"", ""7"", ""8""]}",
sig,2,11,21,"flx::floatx<11, 21>",7,8,101.134764,ok,"{""double"": [""1"", ""2"", ""2"", ""3"", ""4"", ""5"", ""5"", ""6""], ""flx::floatx<11, 21>"": [""0"", ""1"", ""3"", ""4"", ""6"", ""7"", ""8""]}",
sig,2,11,22,"flx::floatx<11, 22>",7,8,102.156355,ok,"{""double"": [""1"", ""2"", ""2"", ""3"", ""4"", ""5"", ""5"", ""6""], ""flx::floatx<11, 22>"": [""0"", ""1"", ""3"", ""4"", ""6"", ""7"", ""8""]}",
sig,2,11,23,"flx::floatx<11, 23>",7,8,102.092402,ok,"{""double"": [""1"", ""2"", ""2"", ""3"", ""4"", ""5"", ""5"", ""6""], ""flx::floatx<11, 23>"": [""0"", ""1"", ""3"", ""4"", ""6"", ""7"", ""8""]}",
sig,2,11,24,"flx::floatx<11, 24>",7,8,101.328600,ok,"{""double"": [""1"", ""2"", ""2"", ""3"", ""4"", ""5"", ""5"", ""6""], ""flx::floatx<11, 24>"": [""0"", ""1"", ""3"", ""4"", ""6"", ""7"", ""8""]}",
sig,2,11,25,"flx::floatx<11, 25>",7,8,101.494841,ok,"{""double"": [""1"", ""2"", ""2"", ""3"", ""4"", ""5"", ""5"", ""6""], ""flx::floatx<11, 25>"": [""0"", ""1"", ""3"", ""4"", ""6"", ""7"", ""8""]}",
sig,2,11,26,"flx::floatx<11, 26>",7,8,101.903958,ok,"{""double"": [""1"", ""2"", ""2"", ""3"", ""4"", ""5"", ""5"", ""6""], ""flx::floatx<11, 26>"": [""0"", ""1"", ""3"", ""4"", ""6"", ""7"", ""8""]}",
sig,2,11,27,"flx::floatx<11, 27>",7,8,101.280500,ok,"{""double"": [""1"", ""2"", ""2"", ""3"", ""4"", ""5"", ""5"", ""6""], ""flx::floatx<11, 27>"": [""0"", ""1"", ""3"", ""4"", ""6"", ""7"", ""8""]}",
sig,2,11,28,"flx::floatx<11, 28>",7,8,101.917261,ok,"{""double"": [""1"", ""2"", ""2"", ""3"", ""4"", ""5"", ""5"", ""6""], ""flx::floatx<11, 28>"": [""0"", ""1"", ""3"", ""4"", ""6"", ""7"", ""8""]}",
sig,2,11,29,"flx::floatx<11, 29>",7,8,101.454646,ok,"{""double"": [""1"", ""2"", ""2"", ""3"", ""4"", ""5"", ""5"", ""6""], ""flx::floatx<11, 29>"": [""0"", ""1"", ""3"", ""4"", ""6"", ""7"", ""8""]}",
sig,2,11,30,"flx::floatx<11, 30>",7,8,101.133986,ok,"{""double"": [""1"", ""2"", ""2"", ""3"", ""4"", ""5"", ""5"", ""6""], ""flx::floatx<11, 30>"": [""0"", ""1"", ""3"", ""4"", ""6"", ""7"", ""8""]}",
sig,2,11,31,"flx::floatx<11, 31>",7,8,101.761565,ok,"{""double"": [""1"", ""2"", ""2"", ""3"", ""4"", ""5"", ""5"", ""6""], ""flx::floatx<11, 31>"": [""0"", ""1"", ""3"", ""4"", ""6"", ""7"", ""8""]}",
sig,2,11,32,"flx::floatx<11, 32>",7,8,101.224998,ok,"{""double"": [""1"", ""2"", ""2"", ""3"", ""4"", ""5"", ""5"", ""6""], ""flx::floatx<11, 32>"": [""0"", ""1"", ""3"", ""4"", ""6"", ""7"", ""8""]}",
sig,2,11,33,"flx::floatx<11, 33>",7,8,102.098442,ok,"{""double"": [""1"", ""2"", ""2"", ""3"", ""4"", ""5"", ""5"", ""6""], ""flx::floatx<11, 33>"": [""0"", ""1"", ""3"", ""4"", ""6"", ""7"", ""8""]}",
sig,2,11,34,"flx::floatx<11, 34>",7,8,101.702215,ok,"{""double"": [""1"", ""2"", ""2"", ""3"", ""4"", ""5"", ""5"", ""6""], ""flx::floatx<11, 34>"": [""0"", ""1"", ""3"", ""4"", ""6"", ""7"", ""8""]}",
sig,2,11,35,"flx::floatx<11, 35>",7,8,100.859935,ok,"{""double"": [""1"", ""2"", ""2"", ""3"", ""4"", ""5"", ""5"", ""6""], ""flx::floatx<11, 35>"": [""0"", ""1"", ""3"", ""4"", ""6"", ""7"", ""8""]}",
sig,2,11,36,"flx::floatx<11, 36>",7,8,101.606212,ok,"{""double"": [""1"", ""2"", ""2"", ""3"", ""4"", ""5"", ""5"", ""6""], ""flx::floatx<11, 36>"": [""0"", ""1"", ""3"", ""4"", ""6"", ""7"", ""8""]}",
sig,2,11,37,"flx::floatx<11, 37>",7,8,101.687708,ok,"{""double"": [""1"", ""2"", ""2"", ""3"", ""4"", ""5"", ""5"", ""6""], ""flx::floatx<11, 37>"": [""0"", ""1"", ""3"", ""4"", ""6"", ""7"", ""8""]}",
sig,2,11,38,"flx::floatx<11, 38>",7,8,101.983187,ok,"{""double"": [""1"", ""2"", ""2"", ""3"", ""4"", ""5"", ""5"", ""6""], ""flx::floatx<11, 38>"": [""0"", ""1"", ""3"", ""4"", ""6"", ""7"", ""8""]}",
sig,2,11,39,"flx::floatx<11, 39>",7,8,101.912739,ok,"{""double"": [""1"", ""2"", ""2"", ""3"", ""4"", ""5"", ""5"", ""6""], ""flx::floatx<11, 39>"": [""0"", ""1"", ""3"", ""4"", ""6"", ""7"", ""8""]}",
sig,2,11,40,"flx::floatx<11, 40>",7,8,101.372154,ok,"{""double"": [""1"", ""2"", ""2"", ""3"", ""4"", ""5"", ""5"", ""6""], ""flx::floatx<11, 40>"": [""0"", ""1"", ""3"", ""4"", ""6"", ""7"", ""8""]}",
sig,2,11,41,"flx::floatx<11, 41>",7,8,101.389143,ok,"{""double"": [""1"", ""2"", ""2"", ""3"", ""4"", ""5"", ""5"", ""6""], ""flx::floatx<11, 41>"": [""0"", ""1"", ""3"", ""4"", ""6"", ""7"", ""8""]}",
sig,2,11,42,"flx::floatx<11, 42>",7,8,101.728587,ok,"{""double"": [""1"", ""2"", ""2"", ""3"", ""4"", ""5"", ""5"", ""6""], ""flx::floatx<11, 42>"": [""0"", ""1"", ""3"", ""4"", ""6"", ""7"", ""8""]}",
sig,2,11,43,"flx::floatx<11, 43>",7,8,101.751627,ok,"{""double"": [""1"", ""2"", ""2"", ""3"", ""4"", ""5"", ""5"", ""6""], ""flx::floatx<11, 43>"": [""0"", ""1"", ""3"", ""4"", ""6"", ""7"", ""8""]}",
sig,2,11,44,"flx::floatx<11, 44>",7,8,101.361652,ok,"{""double"": [""1"", ""2"", ""2"", ""3"", ""4"", ""5"", ""5"", ""6""], ""flx::floatx<11, 44>"": [""0"", ""1"", ""3"", ""4"", ""6"", ""7"", ""8""]}",
sig,2,11,45,"flx::floatx<11, 45>",7,8,101.779854,ok,"{""double"": [""1"", ""2"", ""2"", ""3"", ""4"", ""5"", ""5"", ""6""], ""flx::floatx<11, 45>"": [""0"", ""1"", ""3"", ""4"", ""6"", ""7"", ""8""]}",
sig,2,11,46,"flx::floatx<11, 46>",7,8,101.388738,ok,"{""double"": [""1"", ""2"", ""2"", ""3"", ""4"", ""5"", ""5"", ""6""], ""flx::floatx<11, 46>"": [""0"", ""1"", ""3"", ""4"", ""6"", ""7"", ""8""]}",
sig,2,11,47,"flx::floatx<11, 47>",7,8,101.138113,ok,"{""double"": [""1"", ""2"", ""2"", ""3"", ""4"", ""5"", ""5"", ""6""], ""flx::floatx<11, 47>"": [""0"", ""1"", ""3"", ""4"", ""6"", ""7"", ""8""]}",
sig,2,11,48,"flx::floatx<11, 48>",7,8,101.317765,ok,"{""double"": [""1"", ""2"", ""2"", ""3"", ""4"", ""5"", ""5"", ""6""], ""flx::floatx<11, 48>"": [""0"", ""1"", ""3"", ""4"", ""6"", ""7"", ""8""]}",
sig,2,11,49,"flx::floatx<11, 49>",7,8,102.019432,ok,"{""double"": [""1"", ""2"", ""2"", ""3"", ""4"", ""5"", ""5"", ""6""], ""flx::floatx<11, 49>"": [""0"", ""1"", ""3"", ""4"", ""6"", ""7"", ""8""]}",
sig,2,11,50,"flx::floatx<11, 50>",7,8,101.262470,ok,"{""double"": [""1"", ""2"", ""2"", ""3"", ""4"", ""5"", ""5"", ""6""], ""flx::floatx<11, 50>"": [""0"", ""1"", ""3"", ""4"", ""6"", ""7"", ""8""]}",
sig,2,11,51,"flx::floatx<11, 51>",7,8,101.157681,ok,"{""double"": [""1"", ""2"", ""2"", ""3"", ""4"", ""5"", ""5"", ""6""], ""flx::floatx<11, 51>"": [""0"", ""1"", ""3"", ""4"", ""6"", ""7"", ""8""]}",
sig,2,11,52,"flx::floatx<11, 52>",7,8,101.112699,ok,"{""double"": [""1"", ""2"", ""2"", ""3"", ""4"", ""5"", ""5"", ""6""], ""flx::floatx<11, 52>"": [""0"", ""1"", ""3"", ""4"", ""6"", ""7"", ""8""]}",
exp,2,1,52,"flx::floatx<1, 52>",7,8,101.993999,ok,"{""double"": [""1"", ""2"", ""2"", ""3"", ""4"", ""5"", ""5"", ""6""], ""flx::floatx<1, 52>"": [""0"", ""1"", ""3"", ""4"", ""6"", ""7"", ""8""]}",
exp,2,2,52,"flx::floatx<2, 52>",7,8,101.529561,ok,"{""double"": [""1"", ""2"", ""2"", ""3"", ""4"", ""5"", ""5"", ""6""], ""flx::floatx<2, 52>"": [""0"", ""1"", ""3"", ""4"", ""6"", ""7"", ""8""]}",
exp,2,3,52,"flx::floatx<3, 52>",7,8,101.608378,ok,"{""double"": [""1"", ""2"", ""2"", ""3"", ""4"", ""5"", ""5"", ""6""], ""flx::floatx<3, 52>"": [""0"", ""1"", ""3"", ""4"", ""6"", ""7"", ""8""]}",
exp,2,4,52,"flx::floatx<4, 52>",7,8,101.528391,ok,"{""double"": [""1"", ""2"", ""2"", ""3"", ""4"", ""5"", ""5"", ""6""], ""flx::floatx<4, 52>"": [""0"", ""1"", ""3"", ""4"", ""6"", ""7"", ""8""]}",
exp,2,5,52,"flx::floatx<5, 52>",7,8,105.909883,ok,"{""double"": [""1"", ""2"", ""2"", ""3"", ""4"", ""5"", ""5"", ""6""], ""flx::floatx<5, 52>"": [""0"", ""1"", ""3"", ""4"", ""6"", ""7"", ""8""]}",
exp,2,6,52,"flx::floatx<6, 52>",7,8,101.310881,ok,"{""double"": [""1"", ""2"", ""2"", ""3"", ""4"", ""5"", ""5"", ""6""], ""flx::floatx<6, 52>"": [""0"", ""1"", ""3"", ""4"", ""6"", ""7"", ""8""]}",
exp,2,7,52,"flx::floatx<7, 52>",7,8,101.606272,ok,"{""double"": [""1"", ""2"", ""2"", ""3"", ""4"", ""5"", ""5"", ""6""], ""flx::floatx<7, 52>"": [""0"", ""1"", ""3"", ""4"", ""6"", ""7"", ""8""]}",
exp,2,8,52,"flx::floatx<8, 52>",7,8,101.296988,ok,"{""double"": [""1"", ""2"", ""2"", ""3"", ""4"", ""5"", ""5"", ""6""], ""flx::floatx<8, 52>"": [""0"", ""1"", ""3"", ""4"", ""6"", ""7"", ""8""]}",
exp,2,9,52,"flx::floatx<9, 52>",7,8,101.041520,ok,"{""double"": [""1"", ""2"", ""2"", ""3"", ""4"", ""5"", ""5"", ""6""], ""flx::floatx<9, 52>"": [""0"", ""1"", ""3"", ""4"", ""6"", ""7"", ""8""]}",
exp,2,10,52,"flx::floatx<10, 52>",7,8,101.650486,ok,"{""double"": [""1"", ""2"", ""2"", ""3"", ""4"", ""5"", ""5"", ""6""], ""flx::floatx<10, 52>"": [""0"", ""1"", ""3"", ""4"", ""6"", ""7"", ""8""]}",
exp,2,11,52,"flx::floatx<11, 52>",7,8,103.796471,ok,"{""double"": [""1"", ""2"", ""2"", ""3"", ""4"", ""5"", ""5"", ""6""], ""flx::floatx<11, 52>"": [""0"", ""1"", ""3"", ""4"", ""6"", ""7"", ""8""]}",
sig,3,11,1,"flx::floatx<11, 1>",3,12,114.576074,ok,"{""double"": [""0"", ""1"", ""1"", ""2"", ""2"", ""3"", ""3"", ""4"", ""4"", ""5"", ""5"", ""6""], ""flx::floatx<11, 1>"": [""6"", ""7"", ""8""]}",
sig,3,11,2,"flx::floatx<11, 2>",3,12,112.691846,ok,"{""double"": [""0"", ""1"", ""1"", ""2"", ""2"", ""3"", ""3"", ""4"", ""4"", ""5"", ""5"", ""6""], ""flx::floatx<11, 2>"": [""6"", ""7"", ""8""]}",
sig,3,11,3,"flx::floatx<11, 3>",3,12,112.222506,ok,"{""double"": [""0"", ""1"", ""1"", ""2"", ""2"", ""3"", ""3"", ""4"", ""4"", ""5"", ""5"", ""6""], ""flx::floatx<11, 3>"": [""6"", ""7"", ""8""]}",
sig,3,11,4,"flx::floatx<11, 4>",3,12,112.471428,ok,"{""double"": [""0"", ""1"", ""1"", ""2"", ""2"", ""3"", ""3"", ""4"", ""4"", ""5"", ""5"", ""6""], ""flx::floatx<11, 4>"": [""6"", ""7"", ""8""]}",
sig,3,11,5,"flx::floatx<11, 5>",3,12,111.994167,ok,"{""double"": [""0"", ""1"", ""1"", ""2"", ""2"", ""3"", ""3"", ""4"", ""4"", ""5"", ""5"", ""6""], ""flx::floatx<11, 5>"": [""6"", ""7"", ""8""]}",
sig,3,11,6,"flx::floatx<11, 6>",3,12,112.515987,ok,"{""double"": [""0"", ""1"", ""1"", ""2"", ""2"", ""3"", ""3"", ""4"", ""4"", ""5"", ""5"", ""6""], ""flx::floatx<11, 6>"": [""6"", ""7"", ""8""]}",
sig,3,11,7,"flx::floatx<11, 7>",4,11,109.448355,ok,"{""double"": [""0"", ""1"", ""1"", ""2"", ""2"", ""3"", ""3"", ""4"", ""5"", ""5"", ""6""], ""flx::floatx<11, 7>"": [""4"", ""6"", ""7"", ""8""]}",
sig,3,11,8,"flx::floatx<11, 8>",5,10,107.087579,ok,"{""double"": [""0"", ""1"", ""2"", ""2"", ""3"", ""3"", ""4"", ""5"", ""5"", ""6""], ""flx::floatx<11, 8>"": [""1"", ""4"", ""6"", ""7"", ""8""]}",
sig,3,11,9,"flx::floatx<11, 9>",5,10,107.336774,ok,"{""double"": [""0"", ""1"", ""2"", ""2"", ""3"", ""3"", ""4"", ""5"", ""5"", ""6""], ""flx::floatx<11, 9>"": [""1"", ""4"", ""6"", ""7"", ""8""]}",
sig,3,11,10,"flx::floatx<11, 10>",7,8,101.992114,ok,"{""double"": [""1"", ""2"", ""2"", ""3"", ""4"", ""5"", ""5"", ""6""], ""flx::floatx<11, 10>"": [""0"", ""1"", ""3"", ""4"", ""6"", ""7"", ""8""]}",
sig,3,11,11,"flx::floatx<11, 11>",7,8,102.551378,ok,"{""double"": [""1"", ""2"", ""2"", ""3"", ""4"", ""5"", ""5"", ""6""], ""flx::floatx<11, 11>"": [""0"", ""1"", ""3"", ""4"", ""6"", ""7"", ""8""]}",
sig,3,11,12,"flx::floatx<11, 12>",7,8,102.182675,ok,"{""double"": [""1"", ""2"", ""2"", ""3"", ""4"", ""5"", ""5"", ""6""], ""flx::floatx<11, 12>"": [""0"", ""1"", ""3"", ""4"", ""6"", ""7"", ""8""]}",
sig,3,11,13,"flx::floatx<11, 13>",7,8,101.818796,ok,"{""double"": [""1"", ""2"", ""2"", ""3"", ""4"", ""5"", ""5"", ""6""], ""flx::floatx<11, 13>"": [""0"", ""1"", ""3"", ""4"", ""6"", ""7"", ""8""]}",
sig,3,11,14,"flx::floatx<11, 14>",7,8,102.105223,ok,"{""double"": [""1"", ""2"", ""2"", ""3"", ""4"", ""5"", ""5"", ""6""], ""flx::floatx<11, 14>"": [""0"", ""1"", ""3"", ""4"", ""6"", ""7"", ""8""]}",
sig,3,11,15,"flx::floatx<11, 15>",7,8,100.944668,ok,"{""double"": [""1"", ""2"", ""2"", ""3"", ""4"", ""5"", ""5"", ""6""], ""flx::floatx<11, 15>"": [""0"", ""1"", ""3"", ""4"", ""6"", ""7"", ""8""]}",
sig,3,11,16,"flx::floatx<11, 16>",7,8,101.834607,ok,"{""double"": [""1"", ""2"", ""2"", ""3"", ""4"", ""5"", ""5"", ""6""], ""flx::floatx<11, 16>"": [""0"", ""1"", ""3"", ""4"", ""6"", ""7"", ""8""]}",
sig,3,11,17,"flx::floatx<11, 17>",7,8,101.336661,ok,"{""double"": [""1"", ""2"", ""2"", ""3"", ""4"", ""5"", ""5"", ""6""], ""flx::floatx<11, 17>"": [""0"", ""1"", ""3"", ""4"", ""6"", ""7"", ""8""]}",
sig,3,11,18,"flx::floatx<11, 18>",7,8,104.329649,ok,"{""double"": [""1"", ""2"", ""2"", ""3"", ""4"", ""5"", ""5"", ""6""], ""flx::floatx<11, 18>"": [""0"", ""1"", ""3"", ""4"", ""6"", ""7"", ""8""]}",
sig,3,11,19,"flx::floatx<11, 19>",7,8,105.177289,ok,"{""double"": [""1"", ""2"", ""2"", ""3"", ""4"", ""5"", ""5"", ""6""], ""flx::floatx<11, 19>"": [""0"", ""1"", ""3"", ""4"", ""6"", ""7"", ""8""]}",
sig,3,11,20,"flx::floatx<11, 20>",7,8,105.461397,ok,"{""double"": [""1"", ""2"", ""2"", ""3"", ""4"", ""5"", ""5"", ""6""], ""flx::floatx<11, 20>"": [""0"", ""1"", ""3"", ""4"", ""6"", ""7"", ""8""]}",
sig,3,11,21,"flx::floatx<11, 21>",7,8,106.413099,ok,"{""double"": [""1"", ""2"", ""2"", ""3"", ""4"", ""5"", ""5"", ""6""], ""flx::floatx<11, 21>"": [""0"", ""1"", ""3"", ""4"", ""6"", ""7"", ""8""]}",
sig,3,11,22,"flx::floatx<11, 22>",7,8,106.955096,ok,"{""double"": [""1"", ""2"", ""2"", ""3"", ""4"", ""5"", ""5"", ""6""], ""flx::floatx<11, 22>"": [""0"", ""1"", ""3"", ""4"", ""6"", ""7"", ""8""]}",
sig,3,11,23,"flx::floatx<11, 23>",7,8,106.190039,ok,"{""double"": [""1"", ""2"", ""2"", ""3"", ""4"", ""5"", ""5"", ""6""], ""flx::floatx<11, 23>"": [""0"", ""1"", ""3"", ""4"", ""6"", ""7"", ""8""]}",
sig,3,11,24,"flx::floatx<11, 24>",7,8,107.210955,ok,"{""double"": [""1"", ""2"", ""2"", ""3"", ""4"", ""5"", ""5"", ""6""], ""flx::floatx<11, 24>"": [""0"", ""1"", ""3"", ""4"", ""6"", ""7"", ""8""]}",
sig,3,11,25,"flx::floatx<11, 25>",7,8,106.567831,ok,"{""double"": [""1"", ""2"", ""2"", ""3"", ""4"", ""5"", ""5"", ""6""], ""flx::floatx<11, 25>"": [""0"", ""1"", ""3"", ""4"", ""6"", ""7"", ""8""]}",
sig,3,11,26,"flx::floatx<11, 26>",7,8,106.547923,ok,"{""double"": [""1"", ""2"", ""2"", ""3"", ""4"", ""5"", ""5"", ""6""], ""flx::floatx<11, 26>"": [""0"", ""1"", ""3"", ""4"", ""6"", ""7"", ""8""]}",
sig,3,11,27,"flx::floatx<11, 27>",7,8,106.712031,ok,"{""double"": [""1"", ""2"", ""2"", ""3"", ""4"", ""5"", ""5"", ""6""], ""flx::floatx<11, 27>"": [""0"", ""1"", ""3"", ""4"", ""6"", ""7"", ""8""]}",
sig,3,11,28,"flx::floatx<11, 28>",7,8,107.013644,ok,"{""double"": [""1"", ""2"", ""2"", ""3"", ""4"", ""5"", ""5"", ""6""], ""flx::floatx<11, 28>"": [""0"", ""1"", ""3"", ""4"", ""6"", ""7"", ""8""]}",
sig,3,11,29,"flx::floatx<11, 29>",7,8,107.649580,ok,"{""double"": [""1"", ""2"", ""2"", ""3"", ""4"", ""5"", ""5"", ""6""], ""flx::floatx<11, 29>"": [""0"", ""1"", ""3"", ""4"", ""6"", ""7"", ""8""]}",
sig,3,11,30,"flx::floatx<11, 30>",7,8,106.629273,ok,"{""double"": [""1"", ""2"", ""2"", ""3"", ""4"", ""5"", ""5"", ""6""], ""flx::floatx<11, 30>"": [""0"", ""1"", ""3"", ""4"", ""6"", ""7"", ""8""]}",
sig,3,11,31,"flx::floatx<11, 31>",7,8,105.802630,ok,"{""double"": [""1"", ""2"", ""2"", ""3"", ""4"", ""5"", ""5"", ""6""], ""flx::floatx<11, 31>"": [""0"", ""1"", ""3"", ""4"", ""6"", ""7"", ""8""]}",
sig,3,11,32,"flx::floatx<11, 32>",7,8,105.504208,ok,"{""double"": [""1"", ""2"", ""2"", ""3"", ""4"", ""5"", ""5"", ""6""], ""flx::floatx<11, 32>"": [""0"", ""1"", ""3"", ""4"", ""6"", ""7"", ""8""]}",
sig,3,11,33,"flx::floatx<11, 33>",7,8,104.763307,ok,"{""double"": [""1"", ""2"", ""2"", ""3"", ""4"", ""5"", ""5"", ""6""], ""flx::floatx<11, 33>"": [""0"", ""1"", ""3"", ""4"", ""6"", ""7"", ""8""]}",
sig,3,11,34,"flx::floatx<11, 34>",7,8,106.093956,ok,"{""double"": [""1"", ""2"", ""2"", ""3"", ""4"", ""5"", ""5"", ""6""], ""flx::floatx<11, 34>"": [""0"", ""1"", ""3"", ""4"", ""6"", ""7"", ""8""]}",
sig,3,11,35,"flx::floatx<11, 35>",7,8,104.758138,ok,"{""double"": [""1"", ""2"", ""2"", ""3"", ""4"", ""5"", ""5"", ""6""], ""flx::floatx<11, 35>"": [""0"", ""1"", ""3"", ""4"", ""6"", ""7"", ""8""]}",
sig,3,11,36,"flx::floatx<11, 36>",7,8,105.422284,ok,"{""double"": [""1"", ""2"", ""2"", ""3"", ""4"", ""5"", ""5"", ""6""], ""flx::floatx<11, 36>"": [""0"", ""1"", ""3"", ""4"", ""6"", ""7"", ""8""]}",
sig,3,11,37,"flx::floatx<11, 37>",7,8,105.789316,ok,"{""double"": [""1"", ""2"", ""2"", ""3"", ""4"", ""5"", ""5"", ""6""], ""flx::floatx<11, 37>"": [""0"", ""1"", ""3"", ""4"", ""6"", ""7"", ""8""]}",
sig,3,11,38,"flx::floatx<11, 38>",7,8,106.428625,ok,"{""double"": [""1"", ""2"", ""2"", ""3"", ""4"", ""5"", ""5"", ""6""], ""flx::floatx<11, 38>"": [""0"", ""1"", ""3"", ""4"", ""6"", ""7"", ""8""]}",
sig,3,11,39,"flx::floatx<11, 39>",7,8,106.510406,ok,"{""double"": [""1"", ""2"", ""2"", ""3"", ""4"", ""5"", ""5"", ""6""], ""flx::floatx<11, 39>"": [""0"", ""1"", ""3"", ""4"", ""6"", ""7"", ""8""]}",
sig,3,11,40,"flx::floatx<11, 40>",7,8,106.808805,ok,"{""double"": [""1"", ""2"", ""2"", ""3"", ""4"", ""5"", ""5"", ""6""], ""flx::floatx<11, 40>"": [""0"", ""1"", ""3"", ""4"", ""6"", ""7"", ""8""]}",
sig,3,11,41,"flx::floatx<11, 41>",7,8,105.758827,ok,"{""double"": [""1"", ""2"", ""2"", ""3"", ""4"", ""5"", ""5"", ""6""], ""flx::floatx<11, 41>"": [""0"", ""1"", ""3"", ""4"", ""6"", ""7"", ""8""]}",
sig,3,11,42,"flx::floatx<11, 42>",7,8,105.270134,ok,"{""double"": [""1"", ""2"", ""2"", ""3"", ""4"", ""5"", ""5"", ""6""], ""flx::floatx<11, 42>"": [""0"", ""1"", ""3"", ""4"", ""6"", ""7"", ""8""]}",
sig,3,11,43,"flx::floatx<11, 43>",7,8,105.054322,ok,"{""double"": [""1"", ""2"", ""2"", ""3"", ""4"", ""5"", ""5"", ""6""], ""flx::floatx<11, 43>"": [""0"", ""1"", ""3"", ""4"", ""6"", ""7"", ""8""]}",
sig,3,11,44,"flx::floatx<11, 44>",7,8,105.342624,ok,"{""double"": [""1"", ""2"", ""2"", ""3"", ""4"", ""5"", ""5"", ""6""], ""flx::floatx<11, 44>"": [""0"", ""1"", ""3"", ""4"", ""6"", ""7"", ""8""]}",
sig,3,11,45,"flx::floatx<11, 45>",7,8,105.572444,ok,"{""double"": [""1"", ""2"", ""2"", ""3"", ""4"", ""5"", ""5"", ""6""], ""flx::floatx<11, 45>"": [""0"", ""1"", ""3"", ""4"", ""6"", ""7"", ""8""]}",
sig,3,11,46,"flx::floatx<11, 46>",7,8,105.666274,ok,"{""double"": [""1"", ""2"", ""2"", ""3"", ""4"", ""5"", ""5"", ""6""], ""flx::floatx<11, 46>"": [""0"", ""1"", ""3"", ""4"", ""6"", ""7"", ""8""]}",
sig,3,11,47,"flx::floatx<11, 47>",7,8,106.034774,ok,"{""double"": [""1"", ""2"", ""2"", ""3"", ""4"", ""5"", ""5"", ""6""], ""flx::floatx<11, 47>"": [""0"", ""1"", ""3"", ""4"", ""6"", ""7"", ""8""]}",
sig,3,11,48,"flx::floatx<11, 48>",7,8,104.838834,ok,"{""double"": [""1"", ""2"", ""2"", ""3"", ""4"", ""5"", ""5"", ""6""], ""flx::floatx<11, 48>"": [""0"", ""1"", ""3"", ""4"", ""6"", ""7"", ""8""]}",
sig,3,11,49,"flx::floatx<11, 49>",7,8,104.658494,ok,"{""double"": [""1"", ""2"", ""2"", ""3"", ""4"", ""5"", ""5"", ""6""], ""flx::floatx<11, 49>"": [""0"", ""1"", ""3"", ""4"", ""6"", ""7"", ""8""]}",
sig,3,11,50,"flx::floatx<11, 50>",7,8,105.377233,ok,"{""double"": [""1"", ""2"", ""2"", ""3"", ""4"", ""5"", ""5"", ""6""], ""flx::floatx<11, 50>"": [""0"", ""1"", ""3"", ""4"", ""6"", ""7"", ""8""]}",
sig,3,11,51,"flx::floatx<11, 51>",7,8,105.292289,ok,"{""double"": [""1"", ""2"", ""2"", ""3"", ""4"", ""5"", ""5"", ""6""], ""flx::floatx<11, 51>"": [""0"", ""1"", ""3"", ""4"", ""6"", ""7"", ""8""]}",
sig,3,11,52,"flx::floatx<11, 52>",7,8,105.469016,ok,"{""double"": [""1"", ""2"", ""2"", ""3"", ""4"", ""5"", ""5"", ""6""], ""flx::floatx<11, 52>"": [""0"", ""1"", ""3"", ""4"", ""6"", ""7"", ""8""]}",
exp,3,1,52,"flx::floatx<1, 52>",7,8,105.678170,ok,"{""double"": [""1"", ""2"", ""2"", ""3"", ""4"", ""5"", ""5"", ""6""], ""flx::floatx<1, 52>"": [""0"", ""1"", ""3"", ""4"", ""6"", ""7"", ""8""]}",
exp,3,2,52,"flx::floatx<2, 52>",7,8,105.968645,ok,"{""double"": [""1"", ""2"", ""2"", ""3"", ""4"", ""5"", ""5"", ""6""], ""flx::floatx<2, 52>"": [""0"", ""1"", ""3"", ""4"", ""6"", ""7"", ""8""]}",
exp,3,3,52,"flx::floatx<3, 52>",7,8,105.975868,ok,"{""double"": [""1"", ""2"", ""2"", ""3"", ""4"", ""5"", ""5"", ""6""], ""flx::floatx<3, 52>"": [""0"", ""1"", ""3"", ""4"", ""6"", ""7"", ""8""]}",
exp,3,4,52,"flx::floatx<4, 52>",7,8,105.553703,ok,"{""double"": [""1"", ""2"", ""2"", ""3"", ""4"", ""5"", ""5"", ""6""], ""flx::floatx<4, 52>"": [""0"", ""1"", ""3"", ""4"", ""6"", ""7"", ""8""]}",
exp,3,5,52,"flx::floatx<5, 52>",7,8,105.354092,ok,"{""double"": [""1"", ""2"", ""2"", ""3"", ""4"", ""5"", ""5"", ""6""], ""flx::floatx<5, 52>"": [""0"", ""1"", ""3"", ""4"", ""6"", ""7"", ""8""]}",
exp,3,6,52,"flx::floatx<6, 52>",7,8,106.305776,ok,"{""double"": [""1"", ""2"", ""2"", ""3"", ""4"", ""5"", ""5"", ""6""], ""flx::floatx<6, 52>"": [""0"", ""1"", ""3"", ""4"", ""6"", ""7"", ""8""]}",
exp,3,7,52,"flx::floatx<7, 52>",7,8,104.773621,ok,"{""double"": [""1"", ""2"", ""2"", ""3"", ""4"", ""5"", ""5"", ""6""], ""flx::floatx<7, 52>"": [""0"", ""1"", ""3"", ""4"", ""6"", ""7"", ""8""]}",
exp,3,8,52,"flx::floatx<8, 52>",7,8,105.515234,ok,"{""double"": [""1"", ""2"", ""2"", ""3"", ""4"", ""5"", ""5"", ""6""], ""flx::floatx<8, 52>"": [""0"", ""1"", ""3"", ""4"", ""6"", ""7"", ""8""]}",
exp,3,9,52,"flx::floatx<9, 52>",7,8,106.668240,ok,"{""double"": [""1"", ""2"", ""2"", ""3"", ""4"", ""5"", ""5"", ""6""], ""flx::floatx<9, 52>"": [""0"", ""1"", ""3"", ""4"", ""6"", ""7"", ""8""]}",
exp,3,10,52,"flx::floatx<10, 52>",7,8,105.154858,ok,"{""double"": [""1"", ""2"", ""2"", ""3"", ""4"", ""5"", ""5"", ""6""], ""flx::floatx<10, 52>"": [""0"", ""1"", ""3"", ""4"", ""6"", ""7"", ""8""]}",
exp,3,11,52,"flx::floatx<11, 52>",7,8,106.274201,ok,"{""double"": [""1"", ""2"", ""2"", ""3"", ""4"", ""5"", ""5"", ""6""], ""flx::floatx<11, 52>"": [""0"", ""1"", ""3"", ""4"", ""6"", ""7"", ""8""]}",
sig,4,11,1,"flx::floatx<11, 1>",3,12,116.027396,ok,"{""double"": [""0"", ""1"", ""1"", ""2"", ""2"", ""3"", ""3"", ""4"", ""4"", ""5"", ""5"", ""6""], ""flx::floatx<11, 1>"": [""6"", ""7"", ""8""]}",
sig,4,11,2,"flx::floatx<11, 2>",3,12,116.112941,ok,"{""double"": [""0"", ""1"", ""1"", ""2"", ""2"", ""3"", ""3"", ""4"", ""4"", ""5"", ""5"", ""6""], ""flx::floatx<11, 2>"": [""6"", ""7"", ""8""]}",
sig,4,11,3,"flx::floatx<11, 3>",3,12,116.388653,ok,"{""double"": [""0"", ""1"", ""1"", ""2"", ""2"", ""3"", ""3"", ""4"", ""4"", ""5"", ""5"", ""6""], ""flx::floatx<11, 3>"": [""6"", ""7"", ""8""]}",
sig,4,11,4,"flx::floatx<11, 4>",3,12,116.858745,ok,"{""double"": [""0"", ""1"", ""1"", ""2"", ""2"", ""3"", ""3"", ""4"", ""4"", ""5"", ""5"", ""6""], ""flx::floatx<11, 4>"": [""6"", ""7"", ""8""]}",
sig,4,11,5,"flx::floatx<11, 5>",3,12,116.454033,ok,"{""double"": [""0"", ""1"", ""1"", ""2"", ""2"", ""3"", ""3"", ""4"", ""4"", ""5"", ""5"", ""6""], ""flx::floatx<11, 5>"": [""6"", ""7"", ""8""]}",
sig,4,11,6,"flx::floatx<11, 6>",3,12,117.008389,ok,"{""double"": [""0"", ""1"", ""1"", ""2"", ""2"", ""3"", ""3"", ""4"", ""4"", ""5"", ""5"", ""6""], ""flx::floatx<11, 6>"": [""6"", ""7"", ""8""]}",
sig,4,11,7,"flx::floatx<11, 7>",3,12,117.041284,ok,"{""double"": [""0"", ""1"", ""1"", ""2"", ""2"", ""3"", ""3"", ""4"", ""4"", ""5"", ""5"", ""6""], ""flx::floatx<11, 7>"": [""6"", ""7"", ""8""]}",
sig,4,11,8,"flx::floatx<11, 8>",4,11,113.380210,ok,"{""double"": [""0"", ""1"", ""2"", ""2"", ""3"", ""3"", ""4"", ""4"", ""5"", ""5"", ""6""], ""flx::floatx<11, 8>"": [""1"", ""6"", ""7"", ""8""]}",
sig,4,11,9,"flx::floatx<11, 9>",5,10,110.842917,ok,"{""double"": [""0"", ""1"", ""2"", ""2"", ""3"", ""3"", ""4"", ""5"", ""5"", ""6""], ""flx::floatx<11, 9>"": [""1"", ""4"", ""6"", ""7"", ""8""]}",
sig,4,11,10,"flx::floatx<11, 10>",6,9,108.559670,ok,"{""double"": [""1"", ""2"", ""2"", ""3"", ""4"", ""4"", ""5"", ""5"", ""6""], ""flx::floatx<11, 10>"": [""0"", ""1"", ""3"", ""6"", ""7"", ""8""]}",
sig,4,11,11,"flx::floatx<11, 11>",6,9,107.434181,ok,"{""double"": [""1"", ""2"", ""2"", ""3"", ""4"", ""4"", ""5"", ""5"", ""6""], ""flx::floatx<11, 11>"": [""0"", ""1"", ""3"", ""6"", ""7"", ""8""]}",
sig,4,11,12,"flx::floatx<11, 12>",6,9,107.917166,ok,"{""double"": [""1"", ""2"", ""2"", ""3"", ""4"", ""4"", ""5"", ""5"", ""6""], ""flx::floatx<11, 12>"": [""0"", ""1"", ""3"", ""6"", ""7"", ""8""]}",
sig,4,11,13,"flx::floatx<11, 13>",6,9,109.458039,ok,"{""double"": [""1"", ""2"", ""2"", ""3"", ""4"", ""4"", ""5"", ""5"", ""6""], ""flx::floatx<11, 13>"": [""0"", ""1"", ""3"", ""6"", ""7"", ""8""]}",
sig,4,11,14,"flx::floatx<11, 14>",7,8,106.295787,ok,"{""double"": [""1"", ""2"", ""2"", ""3"", ""4"", ""5"", ""5"", ""6""], ""flx::floatx<11, 14>"": [""0"", ""1"", ""3"", ""4"", ""6"", ""7"", ""8""]}",
sig,4,11,15,"flx::floatx<11, 15>",7,8,105.257802,ok,"{""double"": [""1"", ""2"", ""2"", ""3"", ""4"", ""5"", ""5"", ""6""], ""flx::floatx<11, 15>"": [""0"", ""1"", ""3"", ""4"", ""6"", ""7"", ""8""]}",
sig,4,11,16,"flx::floatx<11, 16>",7,8,105.637958,ok,"{""double"": [""1"", ""2"", ""2"", ""3"", ""4"", ""5"", ""5"", ""6""], ""flx::floatx<11, 16>"": [""0"", ""1"", ""3"", ""4"", ""6"", ""7"", ""8""]}",
sig,4,11,17,"flx::floatx<11, 17>",7,8,105.815997,ok,"{""double"": [""1"", ""2"", ""2"", ""3"", ""4"", ""5"", ""5"", ""6""], ""flx::floatx<11, 17>"": [""0"", ""1"", ""3"", ""4"", ""6"", ""7"", ""8""]}",
sig,4,11,18,"flx::floatx<11, 18>",7,8,105.686106,ok,"{""double"": [""1"", ""2"", ""2"", ""3"", ""4"", ""5"", ""5"", ""6""], ""flx::floatx<11, 18>"": [""0"", ""1"", ""3"", ""4"", ""6"", ""7"", ""8""]}",
sig,4,11,19,"flx::floatx<11, 19>",7,8,106.852425,ok,"{""double"": [""1"", ""2"", ""2"", ""3"", ""4"", ""5"", ""5"", ""6""], ""flx::floatx<11, 19>"": [""0"", ""1"", ""3"", ""4"", ""6"", ""7"", ""8""]}",
sig,4,11,20,"flx::floatx<11, 20>",7,8,106.281172,ok,"{""double"": [""1"", ""2"", ""2"", ""3"", ""4"", ""5"", ""5"", ""6""], ""flx::floatx<11, 20>"": [""0"", ""1"", ""3"", ""4"", ""6"", ""7"", ""8""]}",
sig,4,11,21,"flx::floatx<11, 21>",7,8,105.767182,ok,"{""double"": [""1"", ""2"", ""2"", ""3"", ""4"", ""5"", ""5"", ""6""], ""flx::floatx<11, 21>"": [""0"", ""1"", ""3"", ""4"", ""6"", ""7"", ""8""]}",
sig,4,11,22,"flx::floatx<11, 22>",7,8,106.282589,ok,"{""double"": [""1"", ""2"", ""2"", ""3"", ""4"", ""5"", ""5"", ""6""], ""flx::floatx<11, 22>"": [""0"", ""1"", ""3"", ""4"", ""6"", ""7"", ""8""]}",
sig,4,11,23,"flx::floatx<11, 23>",7,8,105.374733,ok,"{""double"": [""1"", ""2"", ""2"", ""3"", ""4"", ""5"", ""5"", ""6""], ""flx::floatx<11, 23>"": [""0"", ""1"", ""3"", ""4"", ""6"", ""7"", ""8""]}",
sig,4,11,24,"flx::floatx<11, 24>",7,8,104.895786,ok,"{""double"": [""1"", ""2"", ""2"", ""3"", ""4"", ""5"", ""5"", ""6""], ""flx::floatx<11, 24>"": [""0"", ""1"", ""3"", ""4"", ""6"", ""7"", ""8""]}",
sig,4,11,25,"flx::floatx<11, 25>",7,8,105.128367,ok,"{""double"": [""1"", ""2"", ""2"", ""3"", ""4"", ""5"", ""5"", ""6""], ""flx::floatx<11, 25>"": [""0"", ""1"", ""3"", ""4"", ""6"", ""7"", ""8""]}",
sig,4,11,26,"flx::floatx<11, 26>",7,8,104.980015,ok,"{""double"": [""1"", ""2"", ""2"", ""3"", ""4"", ""5"", ""5"", ""6""], ""flx::floatx<11, 26>"": [""0"", ""1"", ""3"", ""4"", ""6"", ""7"", ""8""]}",
sig,4,11,27,"flx::floatx<11, 27>",7,8,105.226295,ok,"{""double"": [""1"", ""2"", ""2"", ""3"", ""4"", ""5"", ""5"", ""6""], ""flx::floatx<11, 27>"": [""0"", ""1"", ""3"", ""4"", ""6"", ""7"", ""8""]}",
sig,4,11,28,"flx::floatx<11, 28>",7,8,105.121043,ok,"{""double"": [""1"", ""2"", ""2"", ""3"", ""4"", ""5"", ""5"", ""6""], ""flx::floatx<11, 28>"": [""0"", ""1"", ""3"", ""4"", ""6"", ""7"", ""8""]}",
sig,4,11,29,"flx::floatx<11, 29>",7,8,105.495345,ok,"{""double"": [""1"", ""2"", ""2"", ""3"", ""4"", ""5"", ""5"", ""6""], ""flx::floatx<11, 29>"": [""0"", ""1"", ""3"", ""4"", ""6"", ""7"", ""8""]}",
sig,4,11,30,"flx::floatx<11, 30>",7,8,105.195032,ok,"{""double"": [""1"", ""2"", ""2"", ""3"", ""4"", ""5"", ""5"", ""6""], ""flx::floatx<11, 30>"": [""0"", ""1"", ""3"", ""4"", ""6"", ""7"", ""8""]}",
sig,4,11,31,"flx::floatx<11, 31>",7,8,105.502250,ok,"{""double"": [""1"", ""2"", ""2"", ""3"", ""4"", ""5"", ""5"", ""6""], ""flx::floatx<11, 31>"": [""0"", ""1"", ""3"", ""4"", ""6"", ""7"", ""8""]}",
sig,4,11,32,"flx::floatx<11, 32>",7,8,105.582205,ok,"{""double"": [""1"", ""2"", ""2"", ""3"", ""4"", ""5"", ""5"", ""6""], ""flx::floatx<11, 32>"": [""0"", ""1"", ""3"", ""4"", ""6"", ""7"", ""8""]}",
sig,4,11,33,"flx::floatx<11, 33>",7,8,102.378334,ok,"{""double"": [""1"", ""2"", ""2"", ""3"", ""4"", ""5"", ""5"", ""6""], ""flx::floatx<11, 33>"": [""0"", ""1"", ""3"", ""4"", ""6"", ""7"", ""8""]}",
sig,4,11,34,"flx::floatx<11, 34>",7,8,102.715694,ok,"{""double"": [""1"", ""2"", ""2"", ""3"", ""4"", ""5"", ""5"", ""6""], ""flx::floatx<11, 34>"": [""0"", ""1"", ""3"", ""4"", ""6"", ""7"", ""8""]}",
sig,4,11,35,"flx::floatx<11, 35>",7,8,104.196576,ok,"{""double"": [""1"", ""2"", ""2"", ""3"", ""4"", ""5"", ""5"", ""6""], ""flx::floatx<11, 35>"": [""0"", ""1"", ""3"", ""4"", ""6"", ""7"", ""8""]}",
sig,4,11,36,"flx::floatx<11, 36>",7,8,103.117194,ok,"{""double"": [""1"", ""2"", ""2"", ""3"", ""4"", ""5"", ""5"", ""6""], ""flx::floatx<11, 36>"": [""0"", ""1"", ""3"", ""4"", ""6"", ""7"", ""8""]}",
sig,4,11,37,"flx::floatx<11, 37>",7,8,103.397225,ok,"{""double"": [""1"", ""2"", ""2"", ""3"", ""4"", ""5"", ""5"", ""6""], ""flx::floatx<11, 37>"": [""0"", ""1"", ""3"", ""4"", ""6"", ""7"", ""8""]}",
sig,4,11,38,"flx::floatx<11, 38>",7,8,105.191846,ok,"{""double"": [""1"", ""2"", ""2"", ""3"", ""4"", ""5"", ""5"", ""6""], ""flx::floatx<11, 38>"": [""0"", ""1"", ""3"", ""4"", ""6"", ""7"", ""8""]}",
sig,4,11,39,"flx::floatx<11, 39>",7,8,105.250577,ok,"{""double"": [""1"", ""2"", ""2"", ""3"", ""4"", ""5"", ""5"", ""6""], ""flx::floatx<11, 39>"": [""0"", ""1"", ""3"", ""4"", ""6"", ""7"", ""8""]}",
sig,4,11,40,"flx::floatx<11, 40>",7,8,104.529251,ok,"{""double"": [""1"", ""2"", ""2"", ""3"", ""4"", ""5"", ""5"", ""6""], ""flx::floatx<11, 40>"": [""0"", ""1"", ""3"", ""4"", ""6"", ""7"", ""8""]}",
sig,4,11,41,"flx::floatx<11, 41>",7,8,104.896885,ok,"{""double"": [""1"", ""2"", ""2"", ""3"", ""4"", ""5"", ""5"", ""6""], ""flx::floatx<11, 41>"": [""0"", ""1"", ""3"", ""4"", ""6"", ""7"", ""8""]}",
sig,4,11,42,"flx::floatx<11, 42>",7,8,104.446475,ok,"{""double"": [""1"", ""2"", ""2"", ""3"", ""4"", ""5"", ""5"", ""6""], ""flx::floatx<11, 42>"": [""0"", ""1"", ""3"", ""4"", ""6"", ""7"", ""8""]}",
sig,4,11,43,"flx::floatx<11, 43>",7,8,108.454994,ok,"{""double"": [""1"", ""2"", ""2"", ""3"", ""4"", ""5"", ""5"", ""6""], ""flx::floatx<11, 43>"": [""0"", ""1"", ""3"", ""4"", ""6"", ""7"", ""8""]}",
sig,4,11,44,"flx::floatx<11, 44>",7,8,105.341318,ok,"{""double"": [""1"", ""2"", ""2"", ""3"", ""4"", ""5"", ""5"", ""6""], ""flx::floatx<11, 44>"": [""0"", ""1"", ""3"", ""4"", ""6"", ""7"", ""8""]}",
sig,4,11,45,"flx::floatx<11, 45>",7,8,106.558742,ok,"{""double"": [""1"", ""2"", ""2"", ""3"", ""4"", ""5"", ""5"", ""6""], ""flx::floatx<11, 45>"": [""0"", ""1"", ""3"", ""4"", ""6"", ""7"", ""8""]}",
sig,4,11,46,"flx::floatx<11, 46>",7,8,107.508153,ok,"{""double"": [""1"", ""2"", ""2"", ""3"", ""4"", ""5"", ""5"", ""6""], ""flx::floatx<11, 46>"": [""0"", ""1"", ""3"", ""4"", ""6"", ""7"", ""8""]}",
sig,4,11,47,"flx::floatx<11, 47>",7,8,106.663367,ok,"{""double"": [""1"", ""2"", ""2"", ""3"", ""4"", ""5"", ""5"", ""6""], ""flx::floatx<11, 47>"": [""0"", ""1"", ""3"", ""4"", ""6"", ""7"", ""8""]}",
sig,4,11,48,"flx::floatx<11, 48>",7,8,106.363278,ok,"{""double"": [""1"", ""2"", ""2"", ""3"", ""4"", ""5"", ""5"", ""6""], ""flx::floatx<11, 48>"": [""0"", ""1"", ""3"", ""4"", ""6"", ""7"", ""8""]}",
sig,4,11,49,"flx::floatx<11, 49>",7,8,108.233946,ok,"{""double"": [""1"", ""2"", ""2"", ""3"", ""4"", ""5"", ""5"", ""6""], ""flx::floatx<11, 49>"": [""0"", ""1"", ""3"", ""4"", ""6"", ""7"", ""8""]}",
sig,4,11,50,"flx::floatx<11, 50>",7,8,105.708959,ok,"{""double"": [""1"", ""2"", ""2"", ""3"", ""4"", ""5"", ""5"", ""6""], ""flx::floatx<11, 50>"": [""0"", ""1"", ""3"", ""4"", ""6"", ""7"", ""8""]}",
sig,4,11,51,"flx::floatx<11, 51>",7,8,106.489160,ok,"{""double"": [""1"", ""2"", ""2"", ""3"", ""4"", ""5"", ""5"", ""6""], ""flx::floatx<11, 51>"": [""0"", ""1"", ""3"", ""4"", ""6"", ""7"", ""8""]}",
sig,4,11,52,"flx::floatx<11, 52>",7,8,107.577390,ok,"{""double"": [""1"", ""2"", ""2"", ""3"", ""4"", ""5"", ""5"", ""6""], ""flx::floatx<11, 52>"": [""0"", ""1"", ""3"", ""4"", ""6"", ""7"", ""8""]}",
exp,4,1,52,"flx::floatx<1, 52>",7,8,105.884194,ok,"{""double"": [""1"", ""2"", ""2"", ""3"", ""4"", ""5"", ""5"", ""6""], ""flx::floatx<1, 52>"": [""0"", ""1"", ""3"", ""4"", ""6"", ""7"", ""8""]}",
exp,4,2,52,"flx::floatx<2, 52>",7,8,105.808584,ok,"{""double"": [""1"", ""2"", ""2"", ""3"", ""4"", ""5"", ""5"", ""6""], ""flx::floatx<2, 52>"": [""0"", ""1"", ""3"", ""4"", ""6"", ""7"", ""8""]}",
exp,4,3,52,"flx::floatx<3, 52>",7,8,108.289474,ok,"{""double"": [""1"", ""2"", ""2"", ""3"", ""4"", ""5"", ""5"", ""6""], ""flx::floatx<3, 52>"": [""0"", ""1"", ""3"", ""4"", ""6"", ""7"", ""8""]}",
exp,4,4,52,"flx::floatx<4, 52>",7,8,104.829601,ok,"{""double"": [""1"", ""2"", ""2"", ""3"", ""4"", ""5"", ""5"", ""6""], ""flx::floatx<4, 52>"": [""0"", ""1"", ""3"", ""4"", ""6"", ""7"", ""8""]}",
exp,4,5,52,"flx::floatx<5, 52>",7,8,108.059477,ok,"{""double"": [""1"", ""2"", ""2"", ""3"", ""4"", ""5"", ""5"", ""6""], ""flx::floatx<5, 52>"": [""0"", ""1"", ""3"", ""4"", ""6"", ""7"", ""8""]}",
exp,4,6,52,"flx::floatx<6, 52>",7,8,105.924070,ok,"{""double"": [""1"", ""2"", ""2"", ""3"", ""4"", ""5"", ""5"", ""6""], ""flx::floatx<6, 52>"": [""0"", ""1"", ""3"", ""4"", ""6"", ""7"", ""8""]}",
exp,4,7,52,"flx::floatx<7, 52>",7,8,105.509221,ok,"{""double"": [""1"", ""2"", ""2"", ""3"", ""4"", ""5"", ""5"", ""6""], ""flx::floatx<7, 52>"": [""0"", ""1"", ""3"", ""4"", ""6"", ""7"", ""8""]}",
exp,4,8,52,"flx::floatx<8, 52>",7,8,104.706428,ok,"{""double"": [""1"", ""2"", ""2"", ""3"", ""4"", ""5"", ""5"", ""6""], ""flx::floatx<8, 52>"": [""0"", ""1"", ""3"", ""4"", ""6"", ""7"", ""8""]}",
exp,4,9,52,"flx::floatx<9, 52>",7,8,106.427750,ok,"{""double"": [""1"", ""2"", ""2"", ""3"", ""4"", ""5"", ""5"", ""6""], ""flx::floatx<9, 52>"": [""0"", ""1"", ""3"", ""4"", ""6"", ""7"", ""8""]}",
exp,4,10,52,"flx::floatx<10, 52>",7,8,106.711302,ok,"{""double"": [""1"", ""2"", ""2"", ""3"", ""4"", ""5"", ""5"", ""6""], ""flx::floatx<10, 52>"": [""0"", ""1"", ""3"", ""4"", ""6"", ""7"", ""8""]}",
exp,4,11,52,"flx::floatx<11, 52>",7,8,104.345723,ok,"{""double"": [""1"", ""2"", ""2"", ""3"", ""4"", ""5"", ""5"", ""6""], ""flx::floatx<11, 52>"": [""0"", ""1"", ""3"", ""4"", ""6"", ""7"", ""8""]}",
sig,5,11,1,"flx::floatx<11, 1>",3,12,116.135428,ok,"{""double"": [""0"", ""1"", ""1"", ""2"", ""2"", ""3"", ""3"", ""4"", ""4"", ""5"", ""5"", ""6""], ""flx::floatx<11, 1>"": [""6"", ""7"", ""8""]}",
sig,5,11,2,"flx::floatx<11, 2>",3,12,117.694492,ok,"{""double"": [""0"", ""1"", ""1"", ""2"", ""2"", ""3"", ""3"", ""4"", ""4"", ""5"", ""5"", ""6""], ""flx::floatx<11, 2>"": [""6"", ""7"", ""8""]}",
sig,5,11,3,"flx::floatx<11, 3>",3,12,116.143033,ok,"{""double"": [""0"", ""1"", ""1"", ""2"", ""2"", ""3"", ""3"", ""4"", ""4"", ""5"", ""5"", ""6""], ""flx::floatx<11, 3>"": [""6"", ""7"", ""8""]}",
sig,5,11,4,"flx::floatx<11, 4>",3,12,115.992336,ok,"{""double"": [""0"", ""1"", ""1"", ""2"", ""2"", ""3"", ""3"", ""4"", ""4"", ""5"", ""5"", ""6""], ""flx::floatx<11, 4>"": [""6"", ""7"", ""8""]}",
sig,5,11,5,"flx::floatx<11, 5>",3,12,118.048810,ok,"{""double"": [""0"", ""1"", ""1"", ""2"", ""2"", ""3"", ""3"", ""4"", ""4"", ""5"", ""5"", ""6""], ""flx::floatx<11, 5>"": [""6"", ""7"", ""8""]}",
sig,5,11,6,"flx::floatx<11, 6>",3,12,116.113635,ok,"{""double"": [""0"", ""1"", ""1"", ""2"", ""2"", ""3"", ""3"", ""4"", ""4"", ""5"", ""5"", ""6""], ""flx::floatx<11, 6>"": [""6"", ""7"", ""8""]}",
sig,5,11,7,"flx::floatx<11, 7>",3,12,116.051440,ok,"{""double"": [""0"", ""1"", ""1"", ""2"", ""2"", ""3"", ""3"", ""4"", ""4"", ""5"", ""5"", ""6""], ""flx::floatx<11, 7>"": [""6"", ""7"", ""8""]}",
sig,5,11,8,"flx::floatx<11, 8>",3,12,118.914465,ok,"{""double"": [""0"", ""1"", ""1"", ""2"", ""2"", ""3"", ""3"", ""4"", ""4"", ""5"", ""5"", ""6""], ""flx::floatx<11, 8>"": [""6"", ""7"", ""8""]}",
sig,5,11,9,"flx::floatx<11, 9>",3,12,116.230878,ok,"{""double"": [""0"", ""1"", ""1"", ""2"", ""2"", ""3"", ""3"", ""4"", ""4"", ""5"", ""5"", ""6""], ""flx::floatx<11, 9>"": [""6"", ""7"", ""8""]}",
sig,5,11,10,"flx::floatx<11, 10>",3,12,117.329217,ok,"{""double"": [""0"", ""1"", ""1"", ""2"", ""2"", ""3"", ""3"", ""4"", ""4"", ""5"", ""5"", ""6""], ""flx::floatx<11, 10>"": [""6"", ""7"", ""8""]}",
sig,5,11,11,"flx::floatx<11, 11>",3,12,115.622859,ok,"{""double"": [""0"", ""1"", ""1"", ""2"", ""2"", ""3"", ""3"", ""4"", ""4"", ""5"", ""5"", ""6""], ""flx::floatx<11, 11>"": [""6"", ""7"", ""8""]}",
sig,5,11,12,"flx::floatx<11, 12>",3,12,118.889771,ok,"{""double"": [""0"", ""1"", ""1"", ""2"", ""2"", ""3"", ""3"", ""4"", ""4"", ""5"", ""5"", ""6""], ""flx::floatx<11, 12>"": [""6"", ""7"", ""8""]}",
sig,5,11,13,"flx::floatx<11, 13>",4,11,114.146906,ok,"{""double"": [""0"", ""1"", ""1"", ""2"", ""2"", ""3"", ""3"", ""4"", ""5"", ""5"", ""6""], ""flx::floatx<11, 13>"": [""4"", ""6"", ""7"", ""8""]}",
sig,5,11,14,"flx::floatx<11, 14>",4,11,113.225615,ok,"{""double"": [""0"", ""1"", ""1"", ""2"", ""2"", ""3"", ""3"", ""4"", ""5"", ""5"", ""6""], ""flx::floatx<11, 14>"": [""4"", ""6"", ""7"", ""8""]}",
sig,5,11,15,"flx::floatx<11, 15>",7,8,135.988044,ok,"{""double"": [""1"", ""2"", ""2"", ""3"", ""4"", ""5"", ""5"", ""6""], ""flx::floatx<11, 15>"": [""0"", ""1"", ""3"", ""4"", ""6"", ""7"", ""8""]}",
sig,5,11,16,"flx::floatx<11, 16>",7,8,113.259474,ok,"{""double"": [""1"", ""2"", ""2"", ""3"", ""4"", ""5"", ""5"", ""6""], ""flx::floatx<11, 16>"": [""0"", ""1"", ""3"", ""4"", ""6"", ""7"", ""8""]}",
sig,5,11,17,"flx::floatx<11, 17>",7,8,105.286955,ok,"{""double"": [""1"", ""2"", ""2"", ""3"", ""4"", ""5"", ""5"", ""6""], ""flx::floatx<11, 17>"": [""0"", ""1"", ""3"", ""4"", ""6"", ""7"", ""8""]}",
sig,5,11,18,"flx::floatx<11, 18>",7,8,104.971688,ok,"{""double"": [""1"", ""2"", ""2"", ""3"", ""4"", ""5"", ""5"", ""6""], ""flx::floatx<11, 18>"": [""0"", ""1"", ""3"", ""4"", ""6"", ""7"", ""8""]}",
sig,5,11,19,"flx::floatx<11, 19>",7,8,104.809814,ok,"{""double"": [""1"", ""2"", ""2"", ""3"", ""4"", ""5"", ""5"", ""6""], ""flx::floatx<11, 19>"": [""0"", ""1"", ""3"", ""4"", ""6"", ""7"", ""8""]}",
sig,5,11,20,"flx::floatx<11, 20>",7,8,106.696635,ok,"{""double"": [""1"", ""2"", ""2"", ""3"", ""4"", ""5"", ""5"", ""6""], ""flx::floatx<11, 20>"": [""0"", ""1"", ""3"", ""4"", ""6"", ""7"", ""8""]}",
sig,5,11,21,"flx::floatx<11, 21>",7,8,107.785429,ok,"{""double"": [""1"", ""2"", ""2"", ""3"", ""4"", ""5"", ""5"", ""6""], ""flx::floatx<11, 21>"": [""0"", ""1"", ""3"", ""4"", ""6"", ""7"", ""8""]}",
sig,5,11,22,"flx::floatx<11, 22>",7,8,104.591430,ok,"{""double"": [""1"", ""2"", ""2"", ""3"", ""4"", ""5"", ""5"", ""6""], ""flx::floatx<11, 22>"": [""0"", ""1"", ""3"", ""4"", ""6"", ""7"", ""8""]}",
sig,5,11,23,"flx::floatx<11, 23>",7,8,105.205523,ok,"{""double"": [""1"", ""2"", ""2"", ""3"", ""4"", ""5"", ""5"", ""6""], ""flx::floatx<11, 23>"": [""0"", ""1"", ""3"", ""4"", ""6"", ""7"", ""8""]}",
sig,5,11,24,"flx::floatx<11, 24>",7,8,105.880241,ok,"{""double"": [""1"", ""2"", ""2"", ""3"", ""4"", ""5"", ""5"", ""6""], ""flx::floatx<11, 24>"": [""0"", ""1"", ""3"", ""4"", ""6"", ""7"", ""8""]}",
sig,5,11,25,"flx::floatx<11, 25>",7,8,108.707554,ok,"{""double"": [""1"", ""2"", ""2"", ""3"", ""4"", ""5"", ""5"", ""6""], ""flx::floatx<11, 25>"": [""0"", ""1"", ""3"", ""4"", ""6"", ""7"", ""8""]}",
sig,5,11,26,"flx::floatx<11, 26>",7,8,106.144139,ok,"{""double"": [""1"", ""2"", ""2"", ""3"", ""4"", ""5"", ""5"", ""6""], ""flx::floatx<11, 26>"": [""0"", ""1"", ""3"", ""4"", ""6"", ""7"", ""8""]}",
sig,5,11,27,"flx::floatx<11, 27>",7,8,105.379803,ok,"{""double"": [""1"", ""2"", ""2"", ""3"", ""4"", ""5"", ""5"", ""6""], ""flx::floatx<11, 27>"": [""0"", ""1"", ""3"", ""4"", ""6"", ""7"", ""8""]}",
sig,5,11,28,"flx::floatx<11, 28>",7,8,104.808236,ok,"{""double"": [""1"", ""2"", ""2"", ""3"", ""4"", ""5"", ""5"", ""6""], ""flx::floatx<11, 28>"": [""0"", ""1"", ""3"", ""4"", ""6"", ""7"", ""8""]}",
sig,5,11,29,"flx::floatx<11, 29>",7,8,104.491649,ok,"{""double"": [""1"", ""2"", ""2"", ""3"", ""4"", ""5"", ""5"", ""6""], ""flx::floatx<11, 29>"": [""0"", ""1"", ""3"", ""4"", ""6"", ""7"", ""8""]}",
sig,5,11,30,"flx::floatx<11, 30>",7,8,104.712624,ok,"{""double"": [""1"", ""2"", ""2"", ""3"", ""4"", ""5"", ""5"", ""6""], ""flx::floatx<11, 30>"": [""0"", ""1"", ""3"", ""4"", ""6"", ""7"", ""8""]}",
sig,5,11,31,"flx::floatx<11, 31>",7,8,108.818348,ok,"{""double"": [""1"", ""2"", ""2"", ""3"", ""4"", ""5"", ""5"", ""6""], ""flx::floatx<11, 31>"": [""0"", ""1"", ""3"", ""4"", ""6"", ""7"", ""8""]}",
sig,5,11,32,"flx::floatx<11, 32>",7,8,104.556297,ok,"{""double"": [""1"", ""2"", ""2"", ""3"", ""4"", ""5"", ""5"", ""6""], ""flx::floatx<11, 32>"": [""0"", ""1"", ""3"", ""4"", ""6"", ""7"", ""8""]}",
sig,5,11,33,"flx::floatx<11, 33>",7,8,104.604025,ok,"{""double"": [""1"", ""2"", ""2"", ""3"", ""4"", ""5"", ""5"", ""6""], ""flx::floatx<11, 33>"": [""0"", ""1"", ""3"", ""4"", ""6"", ""7"", ""8""]}",
sig,5,11,34,"flx::floatx<11, 34>",7,8,105.495086,ok,"{""double"": [""1"", ""2"", ""2"", ""3"", ""4"", ""5"", ""5"", ""6""], ""flx::floatx<11, 34>"": [""0"", ""1"", ""3"", ""4"", ""6"", ""7"", ""8""]}",
sig,5,11,35,"flx::floatx<11, 35>",7,8,105.531852,ok,"{""double"": [""1"", ""2"", ""2"", ""3"", ""4"", ""5"", ""5"", ""6""], ""flx::floatx<11, 35>"": [""0"", ""1"", ""3"", ""4"", ""6"", ""7"", ""8""]}",
sig,5,11,36,"flx::floatx<11, 36>",7,8,105.374835,ok,"{""double"": [""1"", ""2"", ""2"", ""3"", ""4"", ""5"", ""5"", ""6""], ""flx::floatx<11, 36>"": [""0"", ""1"", ""3"", ""4"", ""6"", ""7"", ""8""]}",
sig,5,11,37,"flx::floatx<11, 37>",7,8,107.380132,ok,"{""double"": [""1"", ""2"", ""2"", ""3"", ""4"", ""5"", ""5"", ""6""], ""flx::floatx<11, 37>"": [""0"", ""1"", ""3"", ""4"", ""6"", ""7"", ""8""]}",
sig,5,11,38,"flx::floatx<11, 38>",7,8,105.607481,ok,"{""double"": [""1"", ""2"", ""2"", ""3"", ""4"", ""5"", ""5"", ""6""], ""flx::floatx<11, 38>"": [""0"", ""1"", ""3"", ""4"", ""6"", ""7"", ""8""]}",
sig,5,11,39,"flx::floatx<11, 39>",7,8,105.291628,ok,"{""double"": [""1"", ""2"", ""2"", ""3"", ""4"", ""5"", ""5"", ""6""], ""flx::floatx<11, 39>"": [""0"", ""1"", ""3"", ""4"", ""6"", ""7"", ""8""]}",
sig,5,11,40,"flx::floatx<11, 40>",7,8,105.535214,ok,"{""double"": [""1"", ""2"", ""2"", ""3"", ""4"", ""5"", ""5"", ""6""], ""flx::floatx<11, 40>"": [""0"", ""1"", ""3"", ""4"", ""6"", ""7"", ""8""]}",
sig,5,11,41,"flx::floatx<11, 41>",7,8,105.418343,ok,"{""double"": [""1"", ""2"", ""2"", ""3"", ""4"", ""5"", ""5"", ""6""], ""flx::floatx<11, 41>"": [""0"", ""1"", ""3"", ""4"", ""6"", ""7"", ""8""]}",
sig,5,11,42,"flx::floatx<11, 42>",7,8,108.138366,ok,"{""double"": [""1"", ""2"", ""2"", ""3"", ""4"", ""5"", ""5"", ""6""], ""flx::floatx<11, 42>"": [""0"", ""1"", ""3"", ""4"", ""6"", ""7"", ""8""]}",
sig,5,11,43,"flx::floatx<11, 43>",7,8,105.861418,ok,"{""double"": [""1"", ""2"", ""2"", ""3"", ""4"", ""5"", ""5"", ""6""], ""flx::floatx<11, 43>"": [""0"", ""1"", ""3"", ""4"", ""6"", ""7"", ""8""]}",
sig,5,11,44,"flx::floatx<11, 44>",7,8,105.255216,ok,"{""double"": [""1"", ""2"", ""2"", ""3"", ""4"", ""5"", ""5"", ""6""], ""flx::floatx<11, 44>"": [""0"", ""1"", ""3"", ""4"", ""6"", ""7"", ""8""]}",
sig,5,11,45,"flx::floatx<11, 45>",7,8,104.891170,ok,"{""double"": [""1"", ""2"", ""2"", ""3"", ""4"", ""5"", ""5"", ""6""], ""flx::floatx<11, 45>"": [""0"", ""1"", ""3"", ""4"", ""6"", ""7"", ""8""]}",
sig,5,11,46,"flx::floatx<11, 46>",7,8,106.041875,ok,"{""double"": [""1"", ""2"", ""2"", ""3"", ""4"", ""5"", ""5"", ""6""], ""flx::floatx<11, 46>"": [""0"", ""1"", ""3"", ""4"", ""6"", ""7"", ""8""]}",
sig,5,11,47,"flx::floatx<11, 47>",7,8,105.196358,ok,"{""double"": [""1"", ""2"", ""2"", ""3"", ""4"", ""5"", ""5"", ""6""], ""flx::floatx<11, 47>"": [""0"", ""1"", ""3"", ""4"", ""6"", ""7"", ""8""]}",
sig,5,11,48,"flx::floatx<11, 48>",7,8,106.822881,ok,"{""double"": [""1"", ""2"", ""2"", ""3"", ""4"", ""5"", ""5"", ""6""], ""flx::floatx<11, 48>"": [""0"", ""1"", ""3"", ""4"", ""6"", ""7"", ""8""]}",
sig,5,11,49,"flx::floatx<11, 49>",7,8,104.581296,ok,"{""double"": [""1"", ""2"", ""2"", ""3"", ""4"", ""5"", ""5"", ""6""], ""flx::floatx<11, 49>"": [""0"", ""1"", ""3"", ""4"", ""6"", ""7"", ""8""]}",
sig,5,11,50,"flx::floatx<11, 50>",7,8,105.704179,ok,"{""double"": [""1"", ""2"", ""2"", ""3"", ""4"", ""5"", ""5"", ""6""], ""flx::floatx<11, 50>"": [""0"", ""1"", ""3"", ""4"", ""6"", ""7"", ""8""]}",
sig,5,11,51,"flx::floatx<11, 51>",7,8,106.964818,ok,"{""double"": [""1"", ""2"", ""2"", ""3"", ""4"", ""5"", ""5"", ""6""], ""flx::floatx<11, 51>"": [""0"", ""1"", ""3"", ""4"", ""6"", ""7"", ""8""]}",
sig,5,11,52,"flx::floatx<11, 52>",7,8,105.009284,ok,"{""double"": [""1"", ""2"", ""2"", ""3"", ""4"", ""5"", ""5"", ""6""], ""flx::floatx<11, 52>"": [""0"", ""1"", ""3"", ""4"", ""6"", ""7"", ""8""]}",
exp,5,1,52,"flx::floatx<1, 52>",7,8,107.274517,ok,"{""double"": [""1"", ""2"", ""2"", ""3"", ""4"", ""5"", ""5"", ""6""], ""flx::floatx<1, 52>"": [""0"", ""1"", ""3"", ""4"", ""6"", ""7"", ""8""]}",
exp,5,2,52,"flx::floatx<2, 52>",7,8,103.914983,ok,"{""double"": [""1"", ""2"", ""2"", ""3"", ""4"", ""5"", ""5"", ""6""], ""flx::floatx<2, 52>"": [""0"", ""1"", ""3"", ""4"", ""6"", ""7"", ""8""]}",
exp,5,3,52,"flx::floatx<3, 52>",7,8,104.734782,ok,"{""double"": [""1"", ""2"", ""2"", ""3"", ""4"", ""5"", ""5"", ""6""], ""flx::floatx<3, 52>"": [""0"", ""1"", ""3"", ""4"", ""6"", ""7"", ""8""]}",
exp,5,4,52,"flx::floatx<4, 52>",7,8,104.961817,ok,"{""double"": [""1"", ""2"", ""2"", ""3"", ""4"", ""5"", ""5"", ""6""], ""flx::floatx<4, 52>"": [""0"", ""1"", ""3"", ""4"", ""6"", ""7"", ""8""]}",
exp,5,5,52,"flx::floatx<5, 52>",7,8,104.496626,ok,"{""double"": [""1"", ""2"", ""2"", ""3"", ""4"", ""5"", ""5"", ""6""], ""flx::floatx<5, 52>"": [""0"", ""1"", ""3"", ""4"", ""6"", ""7"", ""8""]}",
exp,5,6,52,"flx::floatx<6, 52>",7,8,104.315590,ok,"{""double"": [""1"", ""2"", ""2"", ""3"", ""4"", ""5"", ""5"", ""6""], ""flx::floatx<6, 52>"": [""0"", ""1"", ""3"", ""4"", ""6"", ""7"", ""8""]}",
exp,5,7,52,"flx::floatx<7, 52>",7,8,104.417058,ok,"{""double"": [""1"", ""2"", ""2"", ""3"", ""4"", ""5"", ""5"", ""6""], ""flx::floatx<7, 52>"": [""0"", ""1"", ""3"", ""4"", ""6"", ""7"", ""8""]}",
exp,5,8,52,"flx::floatx<8, 52>",7,8,104.517628,ok,"{""double"": [""1"", ""2"", ""2"", ""3"", ""4"", ""5"", ""5"", ""6""], ""flx::floatx<8, 52>"": [""0"", ""1"", ""3"", ""4"", ""6"", ""7"", ""8""]}",
exp,5,9,52,"flx::floatx<9, 52>",7,8,105.385114,ok,"{""double"": [""1"", ""2"", ""2"", ""3"", ""4"", ""5"", ""5"", ""6""], ""flx::floatx<9, 52>"": [""0"", ""1"", ""3"", ""4"", ""6"", ""7"", ""8""]}",
exp,5,10,52,"flx::floatx<10, 52>",7,8,104.512265,ok,"{""double"": [""1"", ""2"", ""2"", ""3"", ""4"", ""5"", ""5"", ""6""], ""flx::floatx<10, 52>"": [""0"", ""1"", ""3"", ""4"", ""6"", ""7"", ""8""]}",
exp,5,11,52,"flx::floatx<11, 52>",7,8,104.405119,ok,"{""double"": [""1"", ""2"", ""2"", ""3"", ""4"", ""5"", ""5"", ""6""], ""flx::floatx<11, 52>"": [""0"", ""1"", ""3"", ""4"", ""6"", ""7"", ""8""]}",
sig,6,11,1,"flx::floatx<11, 1>",3,12,116.393032,ok,"{""double"": [""0"", ""1"", ""1"", ""2"", ""2"", ""3"", ""3"", ""4"", ""4"", ""5"", ""5"", ""6""], ""flx::floatx<11, 1>"": [""6"", ""7"", ""8""]}",
sig,6,11,2,"flx::floatx<11, 2>",3,12,114.398798,ok,"{""double"": [""0"", ""1"", ""1"", ""2"", ""2"", ""3"", ""3"", ""4"", ""4"", ""5"", ""5"", ""6""], ""flx::floatx<11, 2>"": [""6"", ""7"", ""8""]}",
sig,6,11,3,"flx::floatx<11, 3>",3,12,116.270087,ok,"{""double"": [""0"", ""1"", ""1"", ""2"", ""2"", ""3"", ""3"", ""4"", ""4"", ""5"", ""5"", ""6""], ""flx::floatx<11, 3>"": [""6"", ""7"", ""8""]}",
sig,6,11,4,"flx::floatx<11, 4>",3,12,115.924425,ok,"{""double"": [""0"", ""1"", ""1"", ""2"", ""2"", ""3"", ""3"", ""4"", ""4"", ""5"", ""5"", ""6""], ""flx::floatx<11, 4>"": [""6"", ""7"", ""8""]}",
sig,6,11,5,"flx::floatx<11, 5>",3,12,118.879192,ok,"{""double"": [""0"", ""1"", ""1"", ""2"", ""2"", ""3"", ""3"", ""4"", ""4"", ""5"", ""5"", ""6""], ""flx::floatx<11, 5>"": [""6"", ""7"", ""8""]}",
sig,6,11,6,"flx::floatx<11, 6>",3,12,124.918177,ok,"{""double"": [""0"", ""1"", ""1"", ""2"", ""2"", ""3"", ""3"", ""4"", ""4"", ""5"", ""5"", ""6""], ""flx::floatx<11, 6>"": [""6"", ""7"", ""8""]}",
sig,6,11,7,"flx::floatx<11, 7>",3,12,119.267889,ok,"{""double"": [""0"", ""1"", ""1"", ""2"", ""2"", ""3"", ""3"", ""4"", ""4"", ""5"", ""5"", ""6""], ""flx::floatx<11, 7>"": [""6"", ""7"", ""8""]}",
sig,6,11,8,"flx::floatx<11, 8>",3,12,119.203703,ok,"{""double"": [""0"", ""1"", ""1"", ""2"", ""2"", ""3"", ""3"", ""4"", ""4"", ""5"", ""5"", ""6""], ""flx::floatx<11, 8>"": [""6"", ""7"", ""8""]}",
sig,6,11,9,"flx::floatx<11, 9>",3,12,118.124920,ok,"{""double"": [""0"", ""1"", ""1"", ""2"", ""2"", ""3"", ""3"", ""4"", ""4"", ""5"", ""5"", ""6""], ""flx::floatx<11, 9>"": [""6"", ""7"", ""8""]}",
sig,6,11,10,"flx::floatx<11, 10>",3,12,118.193718,ok,"{""double"": [""0"", ""1"", ""1"", ""2"", ""2"", ""3"", ""3"", ""4"", ""4"", ""5"", ""5"", ""6""], ""flx::floatx<11, 10>"": [""6"", ""7"", ""8""]}",
sig,6,11,11,"flx::floatx<11, 11>",3,12,119.533415,ok,"{""double"": [""0"", ""1"", ""1"", ""2"", ""2"", ""3"", ""3"", ""4"", ""4"", ""5"", ""5"", ""6""], ""flx::floatx<11, 11>"": [""6"", ""7"", ""8""]}",
sig,6,11,12,"flx::floatx<11, 12>",3,12,118.491350,ok,"{""double"": [""0"", ""1"", ""1"", ""2"", ""2"", ""3"", ""3"", ""4"", ""4"", ""5"", ""5"", ""6""], ""flx::floatx<11, 12>"": [""6"", ""7"", ""8""]}",
sig,6,11,13,"flx::floatx<11, 13>",3,12,117.707050,ok,"{""double"": [""0"", ""1"", ""1"", ""2"", ""2"", ""3"", ""3"", ""4"", ""4"", ""5"", ""5"", ""6""], ""flx::floatx<11, 13>"": [""6"", ""7"", ""8""]}",
sig,6,11,14,"flx::floatx<11, 14>",3,12,120.327356,ok,"{""double"": [""0"", ""1"", ""1"", ""2"", ""2"", ""3"", ""3"", ""4"", ""4"", ""5"", ""5"", ""6""], ""flx::floatx<11, 14>"": [""6"", ""7"", ""8""]}",
sig,6,11,15,"flx::floatx<11, 15>",3,12,118.029010,ok,"{""double"": [""0"", ""1"", ""1"", ""2"", ""2"", ""3"", ""3"", ""4"", ""4"", ""5"", ""5"", ""6""], ""flx::floatx<11, 15>"": [""6"", ""7"", ""8""]}",
sig,6,11,16,"flx::floatx<11, 16>",3,12,117.874283,ok,"{""double"": [""0"", ""1"", ""1"", ""2"", ""2"", ""3"", ""3"", ""4"", ""4"", ""5"", ""5"", ""6""], ""flx::floatx<11, 16>"": [""6"", ""7"", ""8""]}",
sig,6,11,17,"flx::floatx<11, 17>",4,11,119.147754,ok,"{""double"": [""0"", ""1"", ""1"", ""2"", ""2"", ""3"", ""3"", ""4"", ""5"", ""5"", ""6""], ""flx::floatx<11, 17>"": [""4"", ""6"", ""7"", ""8""]}",
sig,6,11,18,"flx::floatx<11, 18>",5,10,112.051984,ok,"{""double"": [""0"", ""1"", ""2"", ""2"", ""3"", ""3"", ""4"", ""5"", ""5"", ""6""], ""flx::floatx<11, 18>"": [""1"", ""4"", ""6"", ""7"", ""8""]}",
sig,6,11,19,"flx::floatx<11, 19>",7,8,105.379495,ok,"{""double"": [""1"", ""2"", ""2"", ""3"", ""4"", ""5"", ""5"", ""6""], ""flx::floatx<11, 19>"": [""0"", ""1"", ""3"", ""4"", ""6"", ""7"", ""8""]}",
sig,6,11,20,"flx::floatx<11, 20>",7,8,107.462234,ok,"{""double"": [""1"", ""2"", ""2"", ""3"", ""4"", ""5"", ""5"", ""6""], ""flx::floatx<11, 20>"": [""0"", ""1"", ""3"", ""4"", ""6"", ""7"", ""8""]}",
sig,6,11,21,"flx::floatx<11, 21>",7,8,108.008177,ok,"{""double"": [""1"", ""2"", ""2"", ""3"", ""4"", ""5"", ""5"", ""6""], ""flx::floatx<11, 21>"": [""0"", ""1"", ""3"", ""4"", ""6"", ""7"", ""8""]}",
sig,6,11,22,"flx::floatx<11, 22>",7,8,105.153196,ok,"{""double"": [""1"", ""2"", ""2"", ""3"", ""4"", ""5"", ""5"", ""6""], ""flx::floatx<11, 22>"": [""0"", ""1"", ""3"", ""4"", ""6"", ""7"", ""8""]}",
sig,6,11,23,"flx::floatx<11, 23>",7,8,105.137069,ok,"{""double"": [""1"", ""2"", ""2"", ""3"", ""4"", ""5"", ""5"", ""6""], ""flx::floatx<11, 23>"": [""0"", ""1"", ""3"", ""4"", ""6"", ""7"", ""8""]}",
sig,6,11,24,"flx::floatx<11, 24>",7,8,109.018138,ok,"{""double"": [""1"", ""2"", ""2"", ""3"", ""4"", ""5"", ""5"", ""6""], ""flx::floatx<11, 24>"": [""0"", ""1"", ""3"", ""4"", ""6"", ""7"", ""8""]}",
sig,6,11,25,"flx::floatx<11, 25>",7,8,107.159463,ok,"{""double"": [""1"", ""2"", ""2"", ""3"", ""4"", ""5"", ""5"", ""6""], ""flx::floatx<11, 25>"": [""0"", ""1"", ""3"", ""4"", ""6"", ""7"", ""8""]}",
sig,6,11,26,"flx::floatx<11, 26>",7,8,105.583833,ok,"{""double"": [""1"", ""2"", ""2"", ""3"", ""4"", ""5"", ""5"", ""6""], ""flx::floatx<11, 26>"": [""0"", ""1"", ""3"", ""4"", ""6"", ""7"", ""8""]}",
sig,6,11,27,"flx::floatx<11, 27>",7,8,107.472259,ok,"{""double"": [""1"", ""2"", ""2"", ""3"", ""4"", ""5"", ""5"", ""6""], ""flx::floatx<11, 27>"": [""0"", ""1"", ""3"", ""4"", ""6"", ""7"", ""8""]}",
sig,6,11,28,"flx::floatx<11, 28>",7,8,109.585353,ok,"{""double"": [""1"", ""2"", ""2"", ""3"", ""4"", ""5"", ""5"", ""6""], ""flx::floatx<11, 28>"": [""0"", ""1"", ""3"", ""4"", ""6"", ""7"", ""8""]}",
sig,6,11,29,"flx::floatx<11, 29>",7,8,106.249593,ok,"{""double"": [""1"", ""2"", ""2"", ""3"", ""4"", ""5"", ""5"", ""6""], ""flx::floatx<11, 29>"": [""0"", ""1"", ""3"", ""4"", ""6"", ""7"", ""8""]}",
sig,6,11,30,"flx::floatx<11, 30>",7,8,105.503628,ok,"{""double"": [""1"", ""2"", ""2"", ""3"", ""4"", ""5"", ""5"", ""6""], ""flx::floatx<11, 30>"": [""0"", ""1"", ""3"", ""4"", ""6"", ""7"", ""8""]}",
sig,6,11,31,"flx::floatx<11, 31>",7,8,106.967204,ok,"{""double"": [""1"", ""2"", ""2"", ""3"", ""4"", ""5"", ""5"", ""6""], ""flx::floatx<11, 31>"": [""0"", ""1"", ""3"", ""4"", ""6"", ""7"", ""8""]}",
sig,6,11,32,"flx::floatx<11, 32>",7,8,108.160144,ok,"{""double"": [""1"", ""2"", ""2"", ""3"", ""4"", ""5"", ""5"", ""6""], ""flx::floatx<11, 32>"": [""0"", ""1"", ""3"", ""4"", ""6"", ""7"", ""8""]}",
sig,6,11,33,"flx::floatx<11, 33>",7,8,105.959692,ok,"{""double"": [""1"", ""2"", ""2"", ""3"", ""4"", ""5"", ""5"", ""6""], ""flx::floatx<11, 33>"": [""0"", ""1"", ""3"", ""4"", ""6"", ""7"", ""8""]}",
sig,6,11,34,"flx::floatx<11, 34>",7,8,105.166212,ok,"{""double"": [""1"", ""2"", ""2"", ""3"", ""4"", ""5"", ""5"", ""6""], ""flx::floatx<11, 34>"": [""0"", ""1"", ""3"", ""4"", ""6"", ""7"", ""8""]}",
sig,6,11,35,"flx::floatx<11, 35>",7,8,104.558669,ok,"{""double"": [""1"", ""2"", ""2"", ""3"", ""4"", ""5"", ""5"", ""6""], ""flx::floatx<11, 35>"": [""0"", ""1"", ""3"", ""4"", ""6"", ""7"", ""8""]}",
sig,6,11,36,"flx::floatx<11, 36>",7,8,108.794862,ok,"{""double"": [""1"", ""2"", ""2"", ""3"", ""4"", ""5"", ""5"", ""6""], ""flx::floatx<11, 36>"": [""0"", ""1"", ""3"", ""4"", ""6"", ""7"", ""8""]}",
sig,6,11,37,"flx::floatx<11, 37>",7,8,107.879680,ok,"{""double"": [""1"", ""2"", ""2"", ""3"", ""4"", ""5"", ""5"", ""6""], ""flx::floatx<11, 37>"": [""0"", ""1"", ""3"", ""4"", ""6"", ""7"", ""8""]}",
sig,6,11,38,"flx::floatx<11, 38>",7,8,106.234976,ok,"{""double"": [""1"", ""2"", ""2"", ""3"", ""4"", ""5"", ""5"", ""6""], ""flx::floatx<11, 38>"": [""0"", ""1"", ""3"", ""4"", ""6"", ""7"", ""8""]}",
sig,6,11,39,"flx::floatx<11, 39>",7,8,105.818101,ok,"{""double"": [""1"", ""2"", ""2"", ""3"", ""4"", ""5"", ""5"", ""6""], ""flx::floatx<11, 39>"": [""0"", ""1"", ""3"", ""4"", ""6"", ""7"", ""8""]}",
sig,6,11,40,"flx::floatx<11, 40>",7,8,107.513618,ok,"{""double"": [""1"", ""2"", ""2"", ""3"", ""4"", ""5"", ""5"", ""6""], ""flx::floatx<11, 40>"": [""0"", ""1"", ""3"", ""4"", ""6"", ""7"", ""8""]}",
sig,6,11,41,"flx::floatx<11, 41>",7,8,109.913975,ok,"{""double"": [""1"", ""2"", ""2"", ""3"", ""4"", ""5"", ""5"", ""6""], ""flx::floatx<11, 41>"": [""0"", ""1"", ""3"", ""4"", ""6"", ""7"", ""8""]}",
sig,6,11,42,"flx::floatx<11, 42>",7,8,108.487291,ok,"{""double"": [""1"", ""2"", ""2"", ""3"", ""4"", ""5"", ""5"", ""6""], ""flx::floatx<11, 42>"": [""0"", ""1"", ""3"", ""4"", ""6"", ""7"", ""8""]}",
sig,6,11,43,"flx::floatx<11, 43>",7,8,105.498652,ok,"{""double"": [""1"", ""2"", ""2"", ""3"", ""4"", ""5"", ""5"", ""6""], ""flx::floatx<11, 43>"": [""0"", ""1"", ""3"", ""4"", ""6"", ""7"", ""8""]}",
sig,6,11,44,"flx::floatx<11, 44>",7,8,106.430774,ok,"{""double"": [""1"", ""2"", ""2"", ""3"", ""4"", ""5"", ""5"", ""6""], ""flx::floatx<11, 44>"": [""0"", ""1"", ""3"", ""4"", ""6"", ""7"", ""8""]}",
sig,6,11,45,"flx::floatx<11, 45>",7,8,108.285974,ok,"{""double"": [""1"", ""2"", ""2"", ""3"", ""4"", ""5"", ""5"", ""6""], ""flx::floatx<11, 45>"": [""0"", ""1"", ""3"", ""4"", ""6"", ""7"", ""8""]}",
sig,6,11,46,"flx::floatx<11, 46>",7,8,108.985220,ok,"{""double"": [""1"", ""2"", ""2"", ""3"", ""4"", ""5"", ""5"", ""6""], ""flx::floatx<11, 46>"": [""0"", ""1"", ""3"", ""4"", ""6"", ""7"", ""8""]}",
sig,6,11,47,"flx::floatx<11, 47>",7,8,108.453259,ok,"{""double"": [""1"", ""2"", ""2"", ""3"", ""4"", ""5"", ""5"", ""6""], ""flx::floatx<11, 47>"": [""0"", ""1"", ""3"", ""4"", ""6"", ""7"", ""8""]}",
sig,6,11,48,"flx::floatx<11, 48>",7,8,106.187031,ok,"{""double"": [""1"", ""2"", ""2"", ""3"", ""4"", ""5"", ""5"", ""6""], ""flx::floatx<11, 48>"": [""0"", ""1"", ""3"", ""4"", ""6"", ""7"", ""8""]}",
sig,6,11,49,"flx::floatx<11, 49>",7,8,105.949162,ok,"{""double"": [""1"", ""2"", ""2"", ""3"", ""4"", ""5"", ""5"", ""6""], ""flx::floatx<11, 49>"": [""0"", ""1"", ""3"", ""4"", ""6"", ""7"", ""8""]}",
sig,6,11,50,"flx::floatx<11, 50>",7,8,108.189446,ok,"{""double"": [""1"", ""2"", ""2"", ""3"", ""4"", ""5"", ""5"", ""6""], ""flx::floatx<11, 50>"": [""0"", ""1"", ""3"", ""4"", ""6"", ""7"", ""8""]}",
sig,6,11,51,"flx::floatx<11, 51>",7,8,108.090062,ok,"{""double"": [""1"", ""2"", ""2"", ""3"", ""4"", ""5"", ""5"", ""6""], ""flx::floatx<11, 51>"": [""0"", ""1"", ""3"", ""4"", ""6"", ""7"", ""8""]}",
sig,6,11,52,"flx::floatx<11, 52>",7,8,107.449365,ok,"{""double"": [""1"", ""2"", ""2"", ""3"", ""4"", ""5"", ""5"", ""6""], ""flx::floatx<11, 52>"": [""0"", ""1"", ""3"", ""4"", ""6"", ""7"", ""8""]}",
exp,6,1,52,"flx::floatx<1, 52>",7,8,106.989802,ok,"{""double"": [""1"", ""2"", ""2"", ""3"", ""4"", ""5"", ""5"", ""6""], ""flx::floatx<1, 52>"": [""0"", ""1"", ""3"", ""4"", ""6"", ""7"", ""8""]}",
exp,6,2,52,"flx::floatx<2, 52>",7,8,106.388804,ok,"{""double"": [""1"", ""2"", ""2"", ""3"", ""4"", ""5"", ""5"", ""6""], ""flx::floatx<2, 52>"": [""0"", ""1"", ""3"", ""4"", ""6"", ""7"", ""8""]}",
exp,6,3,52,"flx::floatx<3, 52>",7,8,108.881353,ok,"{""double"": [""1"", ""2"", ""2"", ""3"", ""4"", ""5"", ""5"", ""6""], ""flx::floatx<3, 52>"": [""0"", ""1"", ""3"", ""4"", ""6"", ""7"", ""8""]}",
exp,6,4,52,"flx::floatx<4, 52>",7,8,108.629299,ok,"{""double"": [""1"", ""2"", ""2"", ""3"", ""4"", ""5"", ""5"", ""6""], ""flx::floatx<4, 52>"": [""0"", ""1"", ""3"", ""4"", ""6"", ""7"", ""8""]}",
exp,6,5,52,"flx::floatx<5, 52>",7,8,106.686046,ok,"{""double"": [""1"", ""2"", ""2"", ""3"", ""4"", ""5"", ""5"", ""6""], ""flx::floatx<5, 52>"": [""0"", ""1"", ""3"", ""4"", ""6"", ""7"", ""8""]}",
exp,6,6,52,"flx::floatx<6, 52>",7,8,105.514364,ok,"{""double"": [""1"", ""2"", ""2"", ""3"", ""4"", ""5"", ""5"", ""6""], ""flx::floatx<6, 52>"": [""0"", ""1"", ""3"", ""4"", ""6"", ""7"", ""8""]}",
exp,6,7,52,"flx::floatx<7, 52>",7,8,105.548661,ok,"{""double"": [""1"", ""2"", ""2"", ""3"", ""4"", ""5"", ""5"", ""6""], ""flx::floatx<7, 52>"": [""0"", ""1"", ""3"", ""4"", ""6"", ""7"", ""8""]}",
exp,6,8,52,"flx::floatx<8, 52>",7,8,106.447602,ok,"{""double"": [""1"", ""2"", ""2"", ""3"", ""4"", ""5"", ""5"", ""6""], ""flx::floatx<8, 52>"": [""0"", ""1"", ""3"", ""4"", ""6"", ""7"", ""8""]}",
exp,6,9,52,"flx::floatx<9, 52>",7,8,107.191366,ok,"{""double"": [""1"", ""2"", ""2"", ""3"", ""4"", ""5"", ""5"", ""6""], ""flx::floatx<9, 52>"": [""0"", ""1"", ""3"", ""4"", ""6"", ""7"", ""8""]}",
exp,6,10,52,"flx::floatx<10, 52>",7,8,109.117335,ok,"{""double"": [""1"", ""2"", ""2"", ""3"", ""4"", ""5"", ""5"", ""6""], ""flx::floatx<10, 52>"": [""0"", ""1"", ""3"", ""4"", ""6"", ""7"", ""8""]}",
exp,6,11,52,"flx::floatx<11, 52>",7,8,108.187068,ok,"{""double"": [""1"", ""2"", ""2"", ""3"", ""4"", ""5"", ""5"", ""6""], ""flx::floatx<11, 52>"": [""0"", ""1"", ""3"", ""4"", ""6"", ""7"", ""8""]}",
sig,7,11,1,"flx::floatx<11, 1>",0,0,12.819651,no_result,{},
sig,7,11,2,"flx::floatx<11, 2>",0,0,12.835734,no_result,{},
sig,7,11,3,"flx::floatx<11, 3>",0,0,12.665337,no_result,{},
sig,7,11,4,"flx::floatx<11, 4>",0,0,12.634041,no_result,{},
sig,7,11,5,"flx::floatx<11, 5>",0,0,12.866644,no_result,{},
sig,7,11,6,"flx::floatx<11, 6>",0,0,12.845042,no_result,{},
sig,7,11,7,"flx::floatx<11, 7>",0,0,12.635540,no_result,{},
sig,7,11,8,"flx::floatx<11, 8>",0,0,12.889198,no_result,{},
sig,7,11,9,"flx::floatx<11, 9>",0,0,12.896447,no_result,{},
sig,7,11,10,"flx::floatx<11, 10>",0,0,12.889374,no_result,{},
sig,7,11,11,"flx::floatx<11, 11>",0,0,12.553852,no_result,{},
sig,7,11,12,"flx::floatx<11, 12>",0,0,12.766242,no_result,{},
sig,7,11,13,"flx::floatx<11, 13>",0,0,12.597724,no_result,{},
sig,7,11,14,"flx::floatx<11, 14>",0,0,12.506448,no_result,{},
sig,7,11,15,"flx::floatx<11, 15>",0,0,12.621218,no_result,{},
sig,7,11,16,"flx::floatx<11, 16>",0,0,12.653990,no_result,{},
sig,7,11,17,"flx::floatx<11, 17>",0,0,12.504249,no_result,{},
sig,7,11,18,"flx::floatx<11, 18>",0,0,12.566677,no_result,{},
sig,7,11,19,"flx::floatx<11, 19>",0,0,12.808051,no_result,{},
sig,7,11,20,"flx::floatx<11, 20>",0,0,12.619788,no_result,{},
sig,7,11,21,"flx::floatx<11, 21>",0,0,12.589989,no_result,{},
sig,7,11,22,"flx::floatx<11, 22>",0,0,12.687115,no_result,{},
sig,7,11,23,"flx::floatx<11, 23>",0,0,12.610296,no_result,{},
sig,7,11,24,"flx::floatx<11, 24>",0,0,12.701707,no_result,{},
sig,7,11,25,"flx::floatx<11, 25>",0,0,12.627185,no_result,{},
sig,7,11,26,"flx::floatx<11, 26>",0,0,12.618937,no_result,{},
sig,7,11,27,"flx::floatx<11, 27>",0,0,12.826980,no_result,{},
sig,7,11,28,"flx::floatx<11, 28>",0,0,12.696769,no_result,{},
sig,7,11,29,"flx::floatx<11, 29>",0,0,12.839134,no_result,{},
sig,7,11,30,"flx::floatx<11, 30>",0,0,12.592826,no_result,{},
sig,7,11,31,"flx::floatx<11, 31>",0,0,12.753123,no_result,{},
sig,7,11,32,"flx::floatx<11, 32>",0,0,12.824075,no_result,{},
sig,7,11,33,"flx::floatx<11, 33>",0,0,12.601981,no_result,{},
sig,7,11,34,"flx::floatx<11, 34>",0,0,13.011280,no_result,{},
sig,7,11,35,"flx::floatx<11, 35>",0,0,12.894794,no_result,{},
sig,7,11,36,"flx::floatx<11, 36>",0,0,12.643316,no_result,{},
sig,7,11,37,"flx::floatx<11, 37>",0,0,12.865887,no_result,{},
sig,7,11,38,"flx::floatx<11, 38>",0,0,13.049129,no_result,{},
sig,7,11,39,"flx::floatx<11, 39>",0,0,13.328162,no_result,{},
sig,7,11,40,"flx::floatx<11, 40>",0,0,13.417407,no_result,{},
sig,7,11,41,"flx::floatx<11, 41>",0,0,13.093822,no_result,{},
sig,7,11,42,"flx::floatx<11, 42>",0,0,12.904948,no_result,{},
sig,7,11,43,"flx::floatx<11, 43>",0,0,12.709532,no_result,{},
sig,7,11,44,"flx::floatx<11, 44>",0,0,12.692162,no_result,{},
sig,7,11,45,"flx::floatx<11, 45>",0,0,12.728190,no_result,{},
sig,7,11,46,"flx::floatx<11, 46>",0,0,12.711732,no_result,{},
sig,7,11,47,"flx::floatx<11, 47>",0,0,13.141676,no_result,{},
sig,7,11,48,"flx::floatx<11, 48>",0,0,13.235481,no_result,{},
sig,7,11,49,"flx::floatx<11, 49>",0,0,12.976859,no_result,{},
sig,7,11,50,"flx::floatx<11, 50>",0,0,12.558956,no_result,{},
sig,7,11,51,"flx::floatx<11, 51>",0,0,12.860331,no_result,{},
sig,7,11,52,"flx::floatx<11, 52>",0,0,12.607925,no_result,{},
exp,7,1,52,"flx::floatx<1, 52>",0,0,12.721558,no_result,{},
exp,7,2,52,"flx::floatx<2, 52>",0,0,12.905974,no_result,{},
exp,7,3,52,"flx::floatx<3, 52>",0,0,12.655788,no_result,{},
exp,7,4,52,"flx::floatx<4, 52>",0,0,12.545570,no_result,{},
exp,7,5,52,"flx::floatx<5, 52>",0,0,12.991791,no_result,{},
exp,7,6,52,"flx::floatx<6, 52>",0,0,12.833427,no_result,{},
exp,7,7,52,"flx::floatx<7, 52>",0,0,12.685478,no_result,{},
exp,7,8,52,"flx::floatx<8, 52>",0,0,12.802942,no_result,{},
exp,7,9,52,"flx::floatx<9, 52>",0,0,12.767096,no_result,{},
exp,7,10,52,"flx::floatx<10, 52>",0,0,12.702051,no_result,{},
exp,7,11,52,"flx::floatx<11, 52>",0,0,12.692220,no_result,{},
sig,8,11,1,"flx::floatx<11, 1>",0,0,9.883656,no_result,{},
sig,8,11,2,"flx::floatx<11, 2>",0,0,9.893370,no_result,{},
sig,8,11,3,"flx::floatx<11, 3>",0,0,9.876653,no_result,{},
sig,8,11,4,"flx::floatx<11, 4>",0,0,9.971547,no_result,{},
sig,8,11,5,"flx::floatx<11, 5>",0,0,9.978864,no_result,{},
sig,8,11,6,"flx::floatx<11, 6>",0,0,9.808768,no_result,{},
sig,8,11,7,"flx::floatx<11, 7>",0,0,9.823030,no_result,{},
sig,8,11,8,"flx::floatx<11, 8>",0,0,9.827969,no_result,{},
sig,8,11,9,"flx::floatx<11, 9>",0,0,9.998018,no_result,{},
sig,8,11,10,"flx::floatx<11, 10>",0,0,9.941186,no_result,{},
sig,8,11,11,"flx::floatx<11, 11>",0,0,10.050773,no_result,{},
sig,8,11,12,"flx::floatx<11, 12>",0,0,10.059479,no_result,{},
sig,8,11,13,"flx::floatx<11, 13>",0,0,9.891150,no_result,{},
sig,8,11,14,"flx::floatx<11, 14>",0,0,9.819666,no_result,{},
sig,8,11,15,"flx::floatx<11, 15>",0,0,10.035471,no_result,{},
sig,8,11,16,"flx::floatx<11, 16>",0,0,9.828891,no_result,{},
sig,8,11,17,"flx::floatx<11, 17>",0,0,9.983973,no_result,{},
sig,8,11,18,"flx::floatx<11, 18>",0,0,9.894549,no_result,{},
sig,8,11,19,"flx::floatx<11, 19>",0,0,10.008576,no_result,{},
sig,8,11,20,"flx::floatx<11, 20>",0,0,9.878178,no_result,{},
sig,8,11,21,"flx::floatx<11, 21>",0,0,10.018967,no_result,{},
sig,8,11,22,"flx::floatx<11, 22>",0,0,10.055631,no_result,{},
sig,8,11,23,"flx::floatx<11, 23>",0,0,9.901736,no_result,{},
sig,8,11,24,"flx::floatx<11, 24>",0,0,9.869757,no_result,{},
sig,8,11,25,"flx::floatx<11, 25>",0,0,10.045935,no_result,{},
sig,8,11,26,"flx::floatx<11, 26>",0,0,9.803044,no_result,{},
sig,8,11,27,"flx::floatx<11, 27>",0,0,9.772059,no_result,{},
sig,8,11,28,"flx::floatx<11, 28>",0,0,9.959857,no_result,{},
sig,8,11,29,"flx::floatx<11, 29>",0,0,9.981782,no_result,{},
sig,8,11,30,"flx::floatx<11, 30>",0,0,9.954062,no_result,{},
sig,8,11,31,"flx::floatx<11, 31>",0,0,10.099506,no_result,{},
sig,8,11,32,"flx::floatx<11, 32>",0,0,9.979189,no_result,{},
sig,8,11,33,"flx::floatx<11, 33>",0,0,9.903731,no_result,{},
sig,8,11,34,"flx::floatx<11, 34>",0,0,9.970675,no_result,{},
sig,8,11,35,"flx::floatx<11, 35>",0,0,10.033175,no_result,{},
sig,8,11,36,"flx::floatx<11, 36>",0,0,10.225953,no_result,{},
sig,8,11,37,"flx::floatx<11, 37>",0,0,10.315791,no_result,{},
sig,8,11,38,"flx::floatx<11, 38>",0,0,10.435416,no_result,{},
sig,8,11,39,"flx::floatx<11, 39>",0,0,10.503466,no_result,{},
sig,8,11,40,"flx::floatx<11, 40>",0,0,9.942788,no_result,{},
sig,8,11,41,"flx::floatx<11, 41>",0,0,10.159174,no_result,{},
sig,8,11,42,"flx::floatx<11, 42>",0,0,10.199339,no_result,{},
sig,8,11,43,"flx::floatx<11, 43>",0,0,9.878891,no_result,{},
sig,8,11,44,"flx::floatx<11, 44>",0,0,9.899377,no_result,{},
sig,8,11,45,"flx::floatx<11, 45>",0,0,9.939839,no_result,{},
sig,8,11,46,"flx::floatx<11, 46>",0,0,9.918838,no_result,{},
sig,8,11,47,"flx::floatx<11, 47>",0,0,9.939864,no_result,{},
sig,8,11,48,"flx::floatx<11, 48>",0,0,10.071585,no_result,{},
sig,8,11,49,"flx::floatx<11, 49>",0,0,10.214069,no_result,{},
sig,8,11,50,"flx::floatx<11, 50>",0,0,10.256053,no_result,{},
sig,8,11,51,"flx::floatx<11, 51>",0,0,10.331278,no_result,{},
sig,8,11,52,"flx::floatx<11, 52>",0,0,9.976779,no_result,{},
exp,8,1,52,"flx::floatx<1, 52>",0,0,9.950764,no_result,{},
exp,8,2,52,"flx::floatx<2, 52>",0,0,9.823920,no_result,{},
exp,8,3,52,"flx::floatx<3, 52>",0,0,10.115700,no_result,{},
exp,8,4,52,"flx::floatx<4, 52>",0,0,9.974601,no_result,{},
exp,8,5,52,"flx::floatx<5, 52>",0,0,9.973547,no_result,{},
exp,8,6,52,"flx::floatx<6, 52>",0,0,9.999165,no_result,{},
exp,8,7,52,"flx::floatx<7, 52>",0,0,9.928683,no_result,{},
exp,8,8,52,"flx::floatx<8, 52>",0,0,10.057152,no_result,{},
exp,8,9,52,"flx::floatx<9, 52>",0,0,9.899451,no_result,{},
exp,8,10,52,"flx::floatx<10, 52>",0,0,10.030919,no_result,{},
exp,8,11,52,"flx::floatx<11, 52>",0,0,9.980375,no_result,{},
sig,9,11,1,"flx::floatx<11, 1>",0,0,9.937636,no_result,{},
sig,9,11,2,"flx::floatx<11, 2>",0,0,9.933428,no_result,{},
sig,9,11,3,"flx::floatx<11, 3>",0,0,9.957056,no_result,{},
sig,9,11,4,"flx::floatx<11, 4>",0,0,9.925690,no_result,{},
sig,9,11,5,"flx::floatx<11, 5>",0,0,9.939896,no_result,{},
sig,9,11,6,"flx::floatx<11, 6>",0,0,9.971474,no_result,{},
sig,9,11,7,"flx::floatx<11, 7>",0,0,9.901373,no_result,{},
sig,9,11,8,"flx::floatx<11, 8>",0,0,9.954850,no_result,{},
sig,9,11,9,"flx::floatx<11, 9>",0,0,10.013828,no_result,{},
sig,9,11,10,"flx::floatx<11, 10>",0,0,9.957022,no_result,{},
sig,9,11,11,"flx::floatx<11, 11>",0,0,9.962061,no_result,{},
sig,9,11,12,"flx::floatx<11, 12>",0,0,9.866607,no_result,{},
sig,9,11,13,"flx::floatx<11, 13>",0,0,9.981191,no_result,{},
sig,9,11,14,"flx::floatx<11, 14>",0,0,10.073803,no_result,{},
sig,9,11,15,"flx::floatx<11, 15>",0,0,10.067213,no_result,{},
sig,9,11,16,"flx::floatx<11, 16>",0,0,10.029051,no_result,{},
sig,9,11,17,"flx::floatx<11, 17>",0,0,9.958964,no_result,{},
sig,9,11,18,"flx::floatx<11, 18>",0,0,10.066426,no_result,{},
sig,9,11,19,"flx::floatx<11, 19>",0,0,9.914106,no_result,{},
sig,9,11,20,"flx::floatx<11, 20>",0,0,10.059072,no_result,{},
sig,9,11,21,"flx::floatx<11, 21>",0,0,9.896894,no_result,{},
sig,9,11,22,"flx::floatx<11, 22>",0,0,10.040785,no_result,{},
sig,9,11,23,"flx::floatx<11, 23>",0,0,10.043702,no_result,{},
sig,9,11,24,"flx::floatx<11, 24>",0,0,10.152381,no_result,{},
sig,9,11,25,"flx::floatx<11, 25>",0,0,9.927660,no_result,{},
sig,9,11,26,"flx::floatx<11, 26>",0,0,10.174421,no_result,{},
sig,9,11,27,"flx::floatx<11, 27>",0,0,9.922155,no_result,{},
sig,9,11,28,"flx::floatx<11, 28>",0,0,9.889953,no_result,{},
sig,9,11,29,"flx::floatx<11, 29>",0,0,9.973813,no_result,{},
sig,9,11,30,"flx::floatx<11, 30>",0,0,9.851189,no_result,{},
sig,9,11,31,"flx::floatx<11, 31>",0,0,9.964176,no_result,{},
sig,9,11,32,"flx::floatx<11, 32>",0,0,9.929390,no_result,{},
sig,9,11,33,"flx::floatx<11, 33>",0,0,10.099634,no_result,{},
sig,9,11,34,"flx::floatx<11, 34>",0,0,10.000219,no_result,{},
sig,9,11,35,"flx::floatx<11, 35>",0,0,10.268285,no_result,{},
sig,9,11,36,"flx::floatx<11, 36>",0,0,10.264505,no_result,{},
sig,9,11,37,"flx::floatx<11, 37>",0,0,9.912855,no_result,{},
sig,9,11,38,"flx::floatx<11, 38>",0,0,10.061576,no_result,{},
sig,9,11,39,"flx::floatx<11, 39>",0,0,10.013906,no_result,{},
sig,9,11,40,"flx::floatx<11, 40>",0,0,10.071117,no_result,{},
sig,9,11,41,"flx::floatx<11, 41>",0,0,9.995986,no_result,{},
sig,9,11,42,"flx::floatx<11, 42>",0,0,10.450122,no_result,{},
sig,9,11,43,"flx::floatx<11, 43>",0,0,10.225676,no_result,{},
sig,9,11,44,"flx::floatx<11, 44>",0,0,9.858675,no_result,{},
sig,9,11,45,"flx::floatx<11, 45>",0,0,9.766968,no_result,{},
sig,9,11,46,"flx::floatx<11, 46>",0,0,9.871675,no_result,{},
sig,9,11,47,"flx::floatx<11, 47>",0,0,9.765066,no_result,{},
sig,9,11,48,"flx::floatx<11, 48>",0,0,9.819662,no_result,{},
sig,9,11,49,"flx::floatx<11, 49>",0,0,9.825676,no_result,{},
sig,9,11,50,"flx::floatx<11, 50>",0,0,9.863109,no_result,{},
sig,9,11,51,"flx::floatx<11, 51>",0,0,9.823049,no_result,{},
sig,9,11,52,"flx::floatx<11, 52>",0,0,9.813304,no_result,{},
exp,9,1,52,"flx::floatx<1, 52>",0,0,9.837406,no_result,{},
exp,9,2,52,"flx::floatx<2, 52>",0,0,9.819935,no_result,{},
exp,9,3,52,"flx::floatx<3, 52>",0,0,9.892472,no_result,{},
exp,9,4,52,"flx::floatx<4, 52>",0,0,9.856643,no_result,{},
exp,9,5,52,"flx::floatx<5, 52>",0,0,9.938803,no_result,{},
exp,9,6,52,"flx::floatx<6, 52>",0,0,9.793544,no_result,{},
exp,9,7,52,"flx::floatx<7, 52>",0,0,9.804584,no_result,{},
exp,9,8,52,"flx::floatx<8, 52>",0,0,9.875321,no_result,{},
exp,9,9,52,"flx::floatx<9, 52>",0,0,9.831949,no_result,{},
exp,9,10,52,"flx::floatx<10, 52>",0,0,9.811368,no_result,{},
exp,9,11,52,"flx::floatx<11, 52>",0,0,9.918453,no_result,{},
sig,10,11,1,"flx::floatx<11, 1>",0,0,9.859996,no_result,{},
sig,10,11,2,"flx::floatx<11, 2>",0,0,10.084405,no_result,{},
sig,10,11,3,"flx::floatx<11, 3>",0,0,9.951565,no_result,{},
sig,10,11,4,"flx::floatx<11, 4>",0,0,9.856338,no_result,{},
sig,10,11,5,"flx::floatx<11, 5>",0,0,9.849837,no_result,{},
sig,10,11,6,"flx::floatx<11, 6>",0,0,9.967654,no_result,{},
sig,10,11,7,"flx::floatx<11, 7>",0,0,9.922784,no_result,{},
sig,10,11,8,"flx::floatx<11, 8>",0,0,9.834688,no_result,{},
sig,10,11,9,"flx::floatx<11, 9>",0,0,10.530716,no_result,{},
sig,10,11,10,"flx::floatx<11, 10>",0,0,10.086673,no_result,{},
sig,10,11,11,"flx::floatx<11, 11>",0,0,9.768011,no_result,{},
sig,10,11,12,"flx::floatx<11, 12>",0,0,9.855181,no_result,{},
sig,10,11,13,"flx::floatx<11, 13>",0,0,9.950565,no_result,{},
sig,10,11,14,"flx::floatx<11, 14>",0,0,9.770088,no_result,{},
sig,10,11,15,"flx::floatx<11, 15>",0,0,9.825019,no_result,{},
sig,10,11,16,"flx::floatx<11, 16>",0,0,9.757944,no_result,{},
sig,10,11,17,"flx::floatx<11, 17>",0,0,9.950674,no_result,{},
sig,10,11,18,"flx::floatx<11, 18>",0,0,9.818929,no_result,{},
sig,10,11,19,"flx::floatx<11, 19>",0,0,9.751754,no_result,{},
sig,10,11,20,"flx::floatx<11, 20>",0,0,9.834835,no_result,{},
sig,10,11,21,"flx::floatx<11, 21>",0,0,9.772049,no_result,{},
sig,10,11,22,"flx::floatx<11, 22>",0,0,9.872444,no_result,{},
sig,10,11,23,"flx::floatx<11, 23>",0,0,9.861699,no_result,{},
sig,10,11,24,"flx::floatx<11, 24>",0,0,9.795945,no_result,{},
sig,10,11,25,"flx::floatx<11, 25>",0,0,9.768431,no_result,{},
sig,10,11,26,"flx::floatx<11, 26>",0,0,9.800644,no_result,{},
sig,10,11,27,"flx::floatx<11, 27>",0,0,9.800497,no_result,{},
sig,10,11,28,"flx::floatx<11, 28>",0,0,9.953959,no_result,{},
sig,10,11,29,"flx::floatx<11, 29>",0,0,10.273386,no_result,{},
sig,10,11,30,"flx::floatx<11, 30>",0,0,10.089007,no_result,{},
sig,10,11,31,"flx::floatx<11, 31>",0,0,9.787560,no_result,{},
sig,10,11,32,"flx::floatx<11, 32>",0,0,9.824376,no_result,{},
sig,10,11,33,"flx::floatx<11, 33>",0,0,9.892252,no_result,{},
sig,10,11,34,"flx::floatx<11, 34>",0,0,9.804203,no_result,{},
sig,10,11,35,"flx::floatx<11, 35>",0,0,9.998166,no_result,{},
sig,10,11,36,"flx::floatx<11, 36>",0,0,10.195841,no_result,{},
sig,10,11,37,"flx::floatx<11, 37>",0,0,10.473333,no_result,{},
sig,10,11,38,"flx::floatx<11, 38>",0,0,9.736340,no_result,{},
sig,10,11,39,"flx::floatx<11, 39>",0,0,9.782138,no_result,{},
sig,10,11,40,"flx::floatx<11, 40>",0,0,9.783258,no_result,{},
sig,10,11,41,"flx::floatx<11, 41>",0,0,9.838533,no_result,{},
sig,10,11,42,"flx::floatx<11, 42>",0,0,9.800929,no_result,{},
sig,10,11,43,"flx::floatx<11, 43>",0,0,9.835435,no_result,{},
sig,10,11,44,"flx::floatx<11, 44>",0,0,9.890694,no_result,{},
sig,10,11,45,"flx::floatx<11, 45>",0,0,9.795343,no_result,{},
sig,10,11,46,"flx::floatx<11, 46>",0,0,9.797166,no_result,{},
sig,10,11,47,"flx::floatx<11, 47>",0,0,9.762527,no_result,{},
sig,10,11,48,"flx::floatx<11, 48>",0,0,9.851515,no_result,{},
sig,10,11,49,"flx::floatx<11, 49>",0,0,9.780517,no_result,{},
sig,10,11,50,"flx::floatx<11, 50>",0,0,9.828676,no_result,{},
sig,10,11,51,"flx::floatx<11, 51>",0,0,9.721323,no_result,{},
sig,10,11,52,"flx::floatx<11, 52>",0,0,9.810001,no_result,{},
exp,10,1,52,"flx::floatx<1, 52>",0,0,9.799790,no_result,{},
exp,10,2,52,"flx::floatx<2, 52>",0,0,9.862515,no_result,{},
exp,10,3,52,"flx::floatx<3, 52>",0,0,9.720452,no_result,{},
exp,10,4,52,"flx::floatx<4, 52>",0,0,10.077703,no_result,{},
exp,10,5,52,"flx::floatx<5, 52>",0,0,10.000388,no_result,{},
exp,10,6,52,"flx::floatx<6, 52>",0,0,9.774120,no_result,{},
exp,10,7,52,"flx::floatx<7, 52>",0,0,9.795580,no_result,{},
exp,10,8,52,"flx::floatx<8, 52>",0,0,9.790261,no_result,{},
exp,10,9,52,"flx::floatx<9, 52>",0,0,9.841482,no_result,{},
exp,10,10,52,"flx::floatx<10, 52>",0,0,9.768947,no_result,{},
exp,10,11,52,"flx::floatx<11, 52>",0,0,9.799727,no_result,{},
