benchmark,case,kernel_time_ms,kernel_time_ms_stddev,kernel_time_ms_min,kernel_time_ms_max,total_time_ms,total_time_ms_stddev,total_time_ms_min,total_time_ms_max,non_kernel_overhead_ms,device_allocation_bytes,device_allocation_mib,relative_residual,relative_error,solution_l2_error_vs_double,solution_linf_error_vs_double,warmup_runs,measured_runs
backprop,double,5.0706624,0.00750020885,5.06064,5.081408,662.749542,15.2552559,646.134272,686.346496,657.67888,18351240,17.501106,,,,,1,5,
dense_lu,double,397.676446,1.68679599,395.983337,399.546356,1703.72413,12.7871987,1684.67635,1714.13478,1306.04768,200020016,190.753952,6.307961e-15,6.322394e-15,0,0,1,5,
hotspot,double,0.1081856,0.00576050664,0.102848,0.117056,787.431424,16.3105952,776.7808,816.304896,787.323238,6291456,6.000000,,,,,1,5,
backprop,digit1_1,5.044416,0.00616899084,5.035328,5.050208,670.921165,5.40170598,666.535936,678.000128,665.876749,10551952,10.063126,,,,,1,5,
backprop,digit1_2,5.0530368,0.00464234975,5.047872,5.058208,733.537382,145.05289,659.308544,992.727808,728.484345,10551956,10.063129,,,,,1,5,
backprop,digit1_3,5.053824,0.00873139806,5.040896,5.065184,664.699034,13.0234159,651.879168,680.928768,659.64521,10551956,10.063129,,,,,1,5,
backprop,digit1_4,5.0506624,0.00586008164,5.042624,5.058688,815.398964,263.487623,651.114496,1274.89818,810.348302,10551968,10.063141,,,,,1,5,
backprop,digit1_5,5.047008,0.00302581956,5.043136,5.050176,651.646925,9.14214069,640.27392,664.124672,646.599917,10551980,10.063152,,,,,1,5,
backprop,digit1_6,5.0511808,0.00600853153,5.04496,5.060736,652.28841,7.12178662,642.191872,661.539072,647.237229,10551980,10.063152,,,,,1,5,
backprop,digit2_1,5.048128,0.00555492718,5.040832,5.056064,663.400346,16.4331988,645.890816,682.28992,658.352218,10551952,10.063126,,,,,1,5,
backprop,digit2_2,5.0522496,0.00129736225,5.05088,5.054336,661.099264,9.36583566,651.933696,676.001536,656.047014,10551956,10.063129,,,,,1,5,
backprop,digit2_3,5.0493888,0.00664143021,5.043616,5.060032,652.953446,13.2340845,641.654272,674.691584,647.904057,10551956,10.063129,,,,,1,5,
backprop,digit2_4,5.0469056,0.00472243463,5.042144,5.054016,654.654771,8.6455649,644.028928,664.731392,649.607865,10551968,10.063141,,,,,1,5,
backprop,digit2_5,5.0495104,0.00459461389,5.043744,5.055712,668.003533,7.12387224,658.526464,678.60864,662.954023,10551980,10.063152,,,,,1,5,
backprop,digit2_6,5.0426816,0.00855883057,5.027904,5.048224,661.6768,13.6034806,650.183168,682.619648,656.634118,10551980,10.063152,,,,,1,5,
dense_lu,digit1_1,186.053369,2.12042264,183.207138,187.817657,1810.32796,8.70426165,1797.68832,1821.97018,1624.27459,50020016,47.702805,2.963313e-04,2.967942e-04,0.000296794173,0.000574280328,1,5,
dense_lu,digit1_2,235.620569,1.63065603,234.517853,238.418015,1513.19987,24.5354982,1496.23808,1556.39219,1277.5793,100020016,95.386520,1.793908e-06,1.793965e-06,1.79396463e-06,3.36493865e-06,1,5,
dense_lu,digit1_3,236.443512,1.90861487,234.523392,238.374969,1621.40482,176.481042,1529.83219,1936.36019,1384.96131,100020016,95.386520,1.793908e-06,1.793965e-06,1.79396463e-06,3.36493865e-06,1,5,
dense_lu,digit1_4,237.026529,2.1454986,234.572098,238.672928,1588.07117,117.761597,1518.73357,1797.96659,1351.04464,100020016,95.386520,1.793908e-06,1.793965e-06,1.79396463e-06,3.36493865e-06,1,5,
dense_lu,digit1_5,235.818457,1.66105098,234.585632,238.715225,1523.81205,12.3534454,1510.18086,1543.79546,1287.99359,100020016,95.386520,1.793908e-06,1.793965e-06,1.79396463e-06,3.36493865e-06,1,5,
dense_lu,digit1_6,237.69852,1.58785074,234.867035,238.59465,1530.9783,19.2417938,1497.6768,1544.11238,1293.27978,100020016,95.386520,1.793908e-06,1.793965e-06,1.79396463e-06,3.36493865e-06,1,5,
dense_lu,digit1_7,236.226752,1.90046177,234.504059,238.297638,1517.86112,24.9028422,1475.6736,1540.84224,1281.63437,100020016,95.386520,1.793908e-06,1.793965e-06,1.79396463e-06,3.36493865e-06,1,5,
dense_lu,digit1_8,236.855411,2.77205657,233.731262,239.386398,1530.75231,21.4756549,1508.66176,1559.74144,1293.8969,100020016,95.386520,1.793908e-06,1.793965e-06,1.79396463e-06,3.36493865e-06,1,5,
dense_lu,digit1_9,236.938424,2.11503429,234.223007,238.688217,1536.54973,13.0580518,1513.58515,1546.15526,1299.61131,100020016,95.386520,1.793908e-06,1.793965e-06,1.79396463e-06,3.36493865e-06,1,5,
dense_lu,digit1_10,235.027524,1.48637831,234.177689,237.668167,1536.02688,27.5291537,1511.25786,1579.05357,1300.99936,100020016,95.386520,1.793908e-06,1.793965e-06,1.79396463e-06,3.36493865e-06,1,5,
dense_lu,digit2_1,184.635098,1.43075683,183.473541,187.123642,1790.14845,18.7287913,1762.74534,1808.4224,1605.51335,50020016,47.702805,2.963313e-04,2.967942e-04,0.000296794173,0.000574280328,1,5,
dense_lu,digit2_2,235.262503,2.01105867,233.945145,238.706528,1526.83883,14.5226362,1505.05318,1544.42368,1291.57633,100020016,95.386520,1.793908e-06,1.793965e-06,1.79396463e-06,3.36493865e-06,1,5,
dense_lu,digit2_3,237.003204,2.09750837,234.405914,238.882462,1530.59676,26.2987962,1488.98893,1552.44646,1293.59356,100020016,95.386520,1.793908e-06,1.793965e-06,1.79396463e-06,3.36493865e-06,1,5,
dense_lu,digit2_4,236.346466,2.05427705,234.374237,238.606689,1550.53271,12.1184397,1535.02618,1563.80288,1314.18624,100020016,95.386520,1.793908e-06,1.793965e-06,1.79396463e-06,3.36493865e-06,1,5,
dense_lu,digit2_5,235.662537,1.75295841,234.120804,238.359558,1556.87286,15.0061609,1538.76352,1570.73843,1321.21032,100020016,95.386520,1.793908e-06,1.793965e-06,1.79396463e-06,3.36493865e-06,1,5,
dense_lu,digit2_6,237.467969,2.13809766,234.559464,239.453629,1543.26303,21.3054424,1505.42797,1556.45619,1305.79506,100020016,95.386520,1.793908e-06,1.793965e-06,1.79396463e-06,3.36493865e-06,1,5,
dense_lu,digit2_7,237.815244,1.33111431,235.77037,238.786591,1532.73462,25.4472535,1488.14848,1548.75674,1294.91938,100020016,95.386520,1.793908e-06,1.793965e-06,1.79396463e-06,3.36493865e-06,1,5,
dense_lu,digit2_8,237.940256,0.922069806,236.720001,238.840256,1547.72546,21.0606254,1525.81632,1581.9328,1309.7852,100020016,95.386520,1.793908e-06,1.793965e-06,1.79396463e-06,3.36493865e-06,1,5,
dense_lu,digit2_9,238.274799,1.65118206,235.371002,239.463013,1533.615,18.2229322,1502.05619,1546.85517,1295.3402,100020016,95.386520,1.793908e-06,1.793965e-06,1.79396463e-06,3.36493865e-06,1,5,
dense_lu,digit2_10,236.433127,2.23406277,234.33783,239.063812,1542.61709,21.7445273,1504.24141,1557.75462,1306.18396,100020016,95.386520,1.793908e-06,1.793965e-06,1.79396463e-06,3.36493865e-06,1,5,
hotspot,digit1_1,0.1094656,0.00299139245,0.106304,0.114016,772.501299,15.0968958,761.775872,798.4896,772.391833,786432,0.750000,,,,,1,5,
hotspot,digit1_2,0.1126464,0.00359821467,0.10848,0.11696,764.828518,14.6703297,753.07776,789.001728,764.715872,786432,0.750000,,,,,1,5,
hotspot,digit1_3,0.109984,0.00341996023,0.10496,0.1144,823.213311,127.038929,759.694336,1049.9927,823.103327,786432,0.750000,,,,,1,5,
hotspot,digit1_4,0.1134528,0.00163115272,0.111936,0.116064,764.784845,11.1528004,759.12832,784.676352,764.671392,786432,0.750000,,,,,1,5,
hotspot,digit1_5,0.1117632,0.00283354534,0.108192,0.115584,763.135642,8.68845217,755.120384,777.355008,763.023879,786432,0.750000,,,,,1,5,
hotspot,digit1_6,0.1089728,0.00575411255,0.103168,0.118496,766.36247,16.4590267,754.905344,795.194624,766.253497,786432,0.750000,,,,,1,5,
hotspot,digit1_7,0.1127296,0.0103558052,0.105088,0.130848,767.581286,2.13870999,764.760064,769.368064,767.468556,786432,0.750000,,,,,1,5,
hotspot,digit1_8,0.1155584,0.0026925105,0.111488,0.118496,782.985677,14.7593784,770.352384,807.037184,782.870119,1572864,1.500000,,,,,1,5,
hotspot,digit1_9,0.1184448,0.00469613492,0.112576,0.12416,774.228838,6.57346351,767.214848,781.649664,774.110393,1572864,1.500000,,,,,1,5,
hotspot,digit1_10,0.1068288,0.00455888267,0.101952,0.113632,785.210726,11.1858934,775.295488,802.98752,785.103897,3145728,3.000000,,,,,1,5,
hotspot,digit2_1,0.1111232,0.00359132109,0.10752,0.116128,768.421222,10.0395239,760.113664,785.033472,768.310099,786432,0.750000,,,,,1,5,
hotspot,digit2_2,0.1123136,0.00660245385,0.106336,0.12272,767.714611,16.7030409,753.825536,795.94368,767.602297,786432,0.750000,,,,,1,5,
hotspot,digit2_3,0.1141376,0.00513549655,0.108736,0.120576,760.019456,7.9197859,752.191744,772.687616,759.905318,786432,0.750000,,,,,1,5,
hotspot,digit2_4,0.110592,0.00190218401,0.108544,0.112672,771.24608,15.2959683,756.170496,796.856064,771.135488,786432,0.750000,,,,,1,5,
hotspot,digit2_5,0.109664,0.00505007247,0.103904,0.115456,763.40823,8.37941432,752.931328,774.038272,763.298566,786432,0.750000,,,,,1,5,
hotspot,digit2_6,0.1117248,0.00284625565,0.108032,0.116,776.201779,8.47467901,763.587328,786.538752,776.090054,786432,0.750000,,,,,1,5,
hotspot,digit2_7,0.113888,0.00609127376,0.107232,0.121376,766.582374,10.9281688,747.4304,774.821376,766.468486,786432,0.750000,,,,,1,5,
hotspot,digit2_8,0.1105984,0.00430405353,0.103808,0.115296,774.605158,14.2537612,753.347072,787.8272,774.49456,1572864,1.500000,,,,,1,5,
hotspot,digit2_9,0.1187904,0.00760171433,0.107008,0.125632,775.849165,15.8347109,756.127488,796.691968,775.730375,1572864,1.500000,,,,,1,5,
hotspot,digit2_10,0.1051904,0.00314703365,0.101248,0.109856,787.817626,26.4812994,753.62944,822.161664,787.712436,3145728,3.000000,,,,,1,5,
