feature1,feature2,...,true_label,cluster
-1.73136,0.790783,0.67276,1,0
-1.72997,-1.28328,0.635702,1,0
-1.72859,0.486244,0.173288,0,0
-1.7272,-0.454219,0.578983,0,0
-1.72582,-1.15743,0.552524,0,0
-1.72443,1.01133,0.358169,1,0
-1.72304,0.876619,0.277612,0,0
-1.72166,0.577399,0.353109,1,0
-1.72027,1.11377,0.860328,0,0
-1.71889,1.86439,0.720993,0,0
-1.7175,-2.00094,0.783118,0,0
-1.71612,0.995794,0.328245,0,0
-1.71473,0.995532,0.76306,1,0
-1.71334,-1.1781,0.576109,0,0
-1.71196,1.72877,0.647647,1,0
-1.71057,0.757827,0.317651,0,0
-1.70919,-1.24239,0.386807,0,0
-1.7078,0.609939,0.988042,0,0
-1.70642,-1.02341,0.982094,1,0
-1.70503,-0.244185,0.334481,0,0
-1.70365,-1.48287,1.17045,1,0
-1.70226,1.15459,0.396931,0,0
-1.70087,0.795352,0.866452,1,0
-1.69949,-1.10737,0.908934,1,0
-1.6981,1.56603,-0.264984,0,0
-1.69672,-1.68338,1.22581,0,0
-1.69533,-1.76507,0.596159,0,0
-1.69395,1.90423,0.765381,1,0
-1.69256,-1.04383,1.17069,1,0
-1.69117,0.479424,-0.00350835,0,0
-1.68979,1.29682,0.507754,1,0
-1.6884,0.998902,1.38675,1,0
-1.68702,-1.53334,1.16486,1,0
-1.68563,1.05427,-0.0439917,0,0
-1.68425,-0.527008,1.02575,0,0
-1.68286,-1.23172,1.03598,0,0
-1.68148,0.154712,0.396073,0,0
-1.68009,0.62008,0.422663,1,0
-1.6787,0.525695,0.571076,1,0
-1.67732,0.937021,-0.0577342,1,0
-1.67593,-1.65132,0.964733,1,0
-1.67455,-1.21124,0.393399,1,0
-1.67316,1.44725,0.400245,0,0
-1.67178,1.40408,0.463791,0,0
-1.67039,-0.868773,1.71915,0,0
-1.669,-1.04095,0.856157,1,0
-1.66762,1.2525,1.15907,1,0
-1.66623,0.538636,0.612009,0,0
-1.66485,0.980771,0.493537,0,0
-1.66346,0.966542,0.85337,1,0
-1.66208,1.6873,0.486745,1,0
-1.66069,-0.753085,0.583579,0,0
-1.6593,-1.53626,0.822877,1,0
-1.65792,1.10043,0.326156,0,0
-1.65653,-0.566407,0.75484,0,0
-1.65515,-0.742733,0.726552,0,0
-1.65376,-1.11105,0.644267,1,0
-1.65238,1.09643,0.0403526,1,0
-1.65099,-1.29272,1.43232,0,0
-1.64961,1.09488,1.12585,1,0
-1.64822,-0.895415,0.824886,0,0
-1.64683,-0.954543,0.534625,0,0
-1.64545,-1.97272,1.31951,0,0
-1.64406,1.16475,0.65423,1,0
-1.64268,1.34873,0.774216,1,0
-1.64129,-0.619906,1.01371,1,0
-1.63991,0.629246,-0.301258,0,0
-1.63852,0.716669,-0.0108493,1,0
-1.63713,0.0209094,0.309949,1,0
-1.63575,-0.976689,0.0807207,0,0
-1.63436,1.44904,-0.47301,1,0
-1.63298,0.576879,0.126134,0,0
-1.63159,-1.12117,1.35597,0,0
-1.63021,1.97,0.190109,1,0
-1.62882,0.880728,0.517913,0,0
-1.62744,1.03186,0.393246,0,0
-1.62605,-1.56111,1.62605,0,0
-1.62466,-1.3547,0.807734,1,0
-1.62328,-1.19892,0.851866,0,0
-1.62189,-1.0482,0.443243,1,0
-1.62051,-0.906994,0.835856,0,0
-1.61912,0.865128,0.294567,1,0
-1.61774,1.31924,0.0528748,1,0
-1.61635,-1.26274,0.673497,1,0
-1.61496,-1.39476,0.772044,1,0
-1.61358,1.38082,0.201752,1,0
-1.61219,-1.4088,1.7418,0,0
-1.61081,-1.07368,1.18547,1,0
-1.60942,-1.08532,1.02301,1,0
-1.60804,-0.920433,0.973584,1,0
-1.60665,-0.853065,0.633357,1,0
-1.60526,1.30613,0.0414593,0,0
-1.60388,-0.429812,0.605299,1,0
-1.60249,1.98818,0.862957,1,0
-1.60111,2.07403,0.251864,0,0
-1.59972,1.62658,0.00706098,1,0
-1.59834,-1.35336,-0.00507299,1,0
-1.59695,1.09775,0.727863,1,0
-1.59557,-1.3988,0.714837,0,0
-1.59418,-0.561126,0.687395,0,0
-1.59279,-0.670119,1.18145,0,0
-1.59141,-1.35699,1.16009,0,0
-1.59002,1.44654,0.264238,1,0
-1.58864,-0.924646,1.30441,0,0
-1.58725,-1.0058,0.526599,0,0
-1.58587,0.770007,0.203348,1,0
-1.58448,-0.974452,0.110062,0,0
-1.58309,1.1241,1.34827,1,0
-1.58171,-0.736534,1.01095,0,0
-1.58032,-0.533117,0.718829,1,0
-1.57894,-1.63714,1.06132,0,0
-1.57755,-1.01014,1.24396,1,0
-1.57617,-1.83883,1.22473,1,0
-1.57478,1.19605,0.597099,0,0
-1.5734,-0.89151,0.926601,1,0
-1.57201,0.465291,0.0624174,0,0
-1.57062,-1.37087,0.719772,1,0
-1.56924,-1.70737,1.43548,0,0
-1.56785,1.2118,0.740324,0,0
-1.56647,0.970309,0.0900339,1,0
-1.56508,-0.428379,0.684482,0,0
-1.5637,-0.965445,1.34417,0,0
-1.56231,-1.28586,0.690097,0,0
-1.56092,0.656607,0.740624,0,0
-1.55954,-1.48828,0.767769,0,0
-1.55815,1.34935,1.0059,1,0
-1.55677,-1.39288,0.589407,1,0
-1.55538,-1.82359,0.95689,1,0
-1.554,-1.05097,0.704242,1,0
-1.55261,-0.918296,1.18916,1,0
-1.55122,-0.830061,1.33533,1,0
-1.54984,-1.21422,1.01072,0,0
-1.54845,-0.530385,0.869751,1,0
-1.54707,0.410616,0.914152,0,0
-1.54568,-1.5654,1.39983,1,0
-1.5443,-0.740551,0.983824,1,0
-1.54291,-1.70872,0.728177,1,0
-1.54153,1.59461,0.119688,1,0
-1.54014,-0.84605,0.756486,0,0
-1.53875,-1.61683,1.16099,1,0
-1.53737,-0.641166,0.694758,0,0
-1.53598,-0.985725,0.957373,0,0
-1.5346,-1.03938,1.29046,1,0
-1.53321,0.605651,0.896127,1,0
-1.53183,-1.24345,1.48225,0,0
-1.53044,-0.594945,0.504558,1,0
-1.52905,-1.46395,0.553171,1,0
-1.52767,-1.75403,1.16921,1,0
-1.52628,0.993574,0.765611,1,0
-1.5249,1.02535,0.498295,1,0
-1.52351,1.60544,-0.245915,0,0
-1.52213,-0.401659,1.03028,1,0
-1.52074,1.47606,0.950503,0,0
-1.51936,-0.892129,0.812225,1,0
-1.51797,1.79975,0.529444,0,0
-1.51658,1.62284,-0.140107,1,0
-1.5152,-0.973401,0.925794,1,0
-1.51381,-1.25533,1.14648,1,0
-1.51243,1.26187,0.629718,0,0
-1.51104,0.886233,1.20177,0,0
-1.50966,-1.38624,0.928469,0,0
-1.50827,1.43604,0.228237,0,0
-1.50688,1.46166,0.215567,0,0
-1.5055,-2.15199,0.0726097,1,-1
-1.50411,0.520962,0.730467,1,0
-1.50273,1.19996,0.388497,0,0
-1.50134,-1.46701,1.18155,0,0
-1.49996,1.53442,0.0281422,1,0
-1.49857,0.146019,0.905182,1,0
-1.49718,-1.27342,1.26921,0,0
-1.4958,1.0501,0.701804,0,0
-1.49441,1.09458,0.0974269,0,0
-1.49303,1.00658,-0.0290851,0,0
-1.49164,-1.44934,1.22755,0,0
-1.49026,0.760675,0.925247,1,0
-1.48887,0.216583,0.773958,0,0
-1.48749,-0.963581,0.882649,0,0
-1.4861,1.13346,0.944113,1,0
-1.48471,-1.15455,0.862169,1,0
-1.48333,1.1666,0.6654,1,0
-1.48194,1.59761,0.342383,0,0
-1.48056,0.589046,0.199305,0,0
-1.47917,1.65269,0.935254,1,0
-1.47779,1.45074,1.32634,1,0
-1.4764,1.26497,0.0761657,1,0
-1.47501,-0.717578,1.32045,0,0
-1.47363,1.77345,0.586478,0,0
-1.47224,-0.89296,1.63031,0,0
-1.47086,-0.878025,0.739208,1,0
-1.46947,0.995508,0.638464,1,0
-1.46809,-0.50053,0.681924,1,0
-1.4667,-1.09732,1.1082,1,0
-1.46532,-0.847001,1.32302,0,0
-1.46393,-0.108842,1.03358,1,0
-1.46254,0.297551,0.664437,1,0
-1.46116,-0.830336,1.6635,0,0
-1.45977,-0.780903,0.491218,1,0
-1.45839,1.1919,0.489729,1,0
-1.457,-1.24963,0.951382,1,0
-1.45562,1.51589,0.521032,0,0
-1.45423,-1.31404,0.806975,0,0
-1.45284,-0.991896,0.864358,1,0
-1.45146,1.45348,0.0853106,1,0
-1.45007,-0.977088,2.12173,0,0
-1.44869,0.628141,1.49457,1,0
-1.4473,1.56517,0.00838062,1,0
-1.44592,-1.18958,0.936636,0,0
-1.44453,-1.03916,0.884694,0,0
-1.44314,-2.21779,0.759959,0,0
-1.44176,0.599866,1.46373,1,0
-1.44037,-0.685474,-0.294686,1,0
-1.43899,-1.25182,1.03098,0,0
-1.4376,1.32794,-0.162844,1,0
-1.43622,-1.32654,0.496648,0,0
-1.43483,1.84931,0.84604,1,0
-1.43345,-1.02831,1.10062,0,0
-1.43206,-1.84662,0.806468,0,0
-1.43067,-2.00012,0.595531,0,0
-1.42929,-0.990781,0.634994,1,0
-1.4279,-0.481764,1.61405,0,0
-1.42652,-0.861381,1.41223,0,0
-1.42513,1.09484,-0.201384,1,0
-1.42375,0.556888,0.386471,0,0
-1.42236,-1.16185,1.74268,1,0
-1.42097,1.10691,0.587327,1,0
-1.41959,0.425015,0.202714,1,0
-1.4182,1.38544,0.926963,0,0
-1.41682,-0.755296,0.891725,1,0
-1.41543,1.28513,1.10766,1,0
-1.41405,0.581332,0.979382,1,0
-1.41266,1.08343,0.621371,0,0
-1.41128,-1.55174,0.902398,0,0
-1.40989,1.07124,0.476111,1,0
-1.4085,1.22546,1.12483,0,0
-1.40712,0.608978,0.745936,1,0
-1.40573,-0.660109,0.848202,1,0
-1.40435,0.47724,0.828576,0,0
-1.40296,0.870886,-0.197875,1,0
-1.40158,0.631958,0.388157,0,0
-1.40019,-0.655057,1.6359,0,0
-1.3988,1.34159,0.205309,1,0
-1.39742,-0.769878,0.844212,0,0
-1.39603,-1.74749,1.13885,0,0
-1.39465,1.06559,0.752091,1,0
-1.39326,0.996654,-0.028102,1,0
-1.39188,-1.04705,-0.0911664,0,0
-1.39049,-1.02721,1.43209,1,0
-1.3891,-1.80473,1.26963,0,0
-1.38772,1.61876,0.522256,0,0
-1.38633,0.833739,0.397074,1,0
-1.38495,-1.93055,0.693778,0,0
-1.38356,1.74628,0.70029,0,0
-1.38218,-1.14142,0.812523,0,0
-1.38079,-1.47862,0.867977,1,0
-1.37941,0.95999,1.09755,1,0
-1.37802,-1.43612,1.432,1,0
-1.37663,0.8867,0.850762,1,0
-1.37525,-0.895286,1.14331,1,0
-1.37386,1.1183,0.668534,1,0
-1.37248,1.65085,0.491335,0,0
-1.37109,-2.05638,0.905271,0,0
-1.36971,-1.1811,1.13796,1,0
-1.36832,-0.674936,0.874055,0,0
-1.36693,-2.0077,1.09924,0,0
-1.36555,-1.3406,1.06435,1,0
-1.36416,-0.862204,1.06569,0,0
-1.36278,-1.42973,1.70641,0,0
-1.36139,-1.56395,1.27517,0,0
-1.36001,-1.52242,0.469471,0,0
-1.35862,-1.0049,1.01582,0,0
-1.35724,1.33439,0.287774,0,0
-1.35585,0.939155,0.686856,0,0
-1.35446,0.888466,0.0270347,1,0
-1.35308,0.300338,0.621842,0,0
-1.35169,-1.18027,0.318476,1,0
-1.35031,-0.973524,0.759862,1,0
-1.34892,-1.57312,1.73026,1,0
-1.34754,0.682719,0.988665,1,0
-1.34615,-0.844458,0.999932,1,0
-1.34476,0.777883,0.543599,0,0
-1.34338,1.09715,0.757492,1,0
-1.34199,-1.42093,1.44387,1,0
-1.34061,-0.891092,0.479583,0,0
-1.33922,-1.17009,-0.0570398,0,0
-1.33784,-2.14856,1.09016,1,0
-1.33645,-1.02649,1.78898,0,0
-1.33506,-1.02851,0.857014,1,0
-1.33368,0.410263,0.441704,0,0
-1.33229,-1.66349,1.17226,0,0
-1.33091,0.699537,0.080907,1,0
-1.32952,0.438057,0.702649,1,0
-1.32814,-0.672187,1.1671,0,0
-1.32675,1.69843,0.881191,0,0
-1.32537,-1.45255,0.575002,1,0
-1.32398,0.538539,0.268246,1,0
-1.32259,0.906672,0.552697,0,0
-1.32121,-1.03306,0.911845,0,0
-1.31982,0.322409,0.199763,0,0
-1.31844,0.742565,0.422795,0,0
-1.31705,-1.89697,0.97017,0,0
-1.31567,-1.10058,0.650705,1,0
-1.31428,0.977777,0.532779,1,0
-1.31289,0.726568,1.02869,1,0
-1.31151,-1.07254,1.30726,1,0
-1.31012,1.14468,0.507127,1,0
-1.30874,-0.681152,1.43479,0,0
-1.30735,1.01674,0.853853,1,0
-1.30597,1.17833,0.823041,0,0
-1.30458,-1.40067,1.41936,1,0
-1.3032,-1.45248,0.518416,1,0
-1.30181,-0.646234,0.432869,1,0
-1.30042,-1.30066,1.49768,0,0
-1.29904,0.840032,0.177098,1,0
-1.29765,0.734682,0.0303321,1,0
-1.29627,1.33945,-0.124118,1,0
-1.29488,0.973405,0.86589,1,0
-1.2935,0.29284,0.451043,0,0
-1.29211,1.20662,0.576042,0,0
-1.29072,-0.695565,0.70569,0,0
-1.28934,0.75247,0.545935,1,0
-1.28795,-0.867079,1.12013,1,0
-1.28657,1.0259,0.327308,0,0
-1.28518,-0.702856,1.22402,1,0
-1.2838,1.22017,0.517427,0,0
-1.28241,1.27077,0.557308,0,0
-1.28102,-1.6356,1.6499,1,0
-1.27964,0.455093,0.913826,0,0
-1.27825,0.953383,0.216577,0,0
-1.27687,0.64629,0.749137,0,0
-1.27548,1.21094,0.322337,1,0
-1.2741,0.850933,0.698952,0,0
-1.27271,1.64662,0.406168,1,0
-1.27133,1.29495,0.743337,1,0
-1.26994,0.73912,0.845769,0,0
-1.26855,-0.481981,1.20871,1,0
-1.26717,1.15081,-0.19221,1,0
-1.26578,-0.559666,0.463247,0,0
-1.2644,0.708941,0.52026,0,0
-1.26301,-0.730263,0.655171,0,0
-1.26163,-0.621991,1.08411,1,0
-1.26024,-1.32192,0.527576,1,0
-1.25885,-0.62522,0.842304,1,0
-1.25747,-0.750354,0.948027,0,0
-1.25608,-1.27925,1.11769,1,0
-1.2547,1.70508,1.16812,1,0
-1.25331,-1.30609,1.07624,0,0
-1.25193,-0.61918,0.917471,1,0
-1.25054,-2.06921,1.06683,0,0
-1.24916,-1.7558,0.684203,0,0
-1.24777,-0.822708,1.51501,1,0
-1.24638,-1.19073,0.992945,0,0
-1.245,1.50511,0.517789,0,0
-1.24361,0.495715,0.385042,1,0
-1.24223,1.43743,0.0756173,1,0
-1.24084,1.19321,0.475276,0,0
-1.23946,-1.18164,0.687673,1,0
-1.23807,-0.848062,0.75314,0,0
-1.23668,-0.774421,0.781132,0,0
-1.2353,1.06334,0.692023,1,0
-1.23391,-0.10116,1.34315,1,0
-1.23253,-1.09105,1.76037,0,0
-1.23114,1.28861,0.0358285,0,0
-1.22976,1.63006,0.489643,0,0
-1.22837,0.482122,0.170199,0,0
-1.22698,-0.765836,0.818777,1,0
-1.2256,1.83479,0.901905,0,0
-1.22421,-1.03745,1.25055,0,0
-1.22283,0.607406,0.617776,0,0
-1.22144,-0.768655,1.66252,0,0
-1.22006,-1.37609,1.30077,0,0
-1.21867,-0.684217,0.33228,1,0
-1.21729,-1.55386,1.13529,0,0
-1.2159,-1.33388,0.852648,0,0
-1.21451,1.45591,-0.0483997,0,0
-1.21313,-1.49132,0.880603,1,0
-1.21174,1.38376,-0.0766478,0,0
-1.21036,1.01904,0.231018,1,0
-1.20897,-1.21514,1.2852,1,0
-1.20759,-1.06183,0.312276,1,0
-1.2062,-0.478377,0.698056,0,0
-1.20481,1.00812,1.06477,1,0
-1.20343,-1.31853,0.865823,0,0
-1.20204,-1.7894,2.54581,1,-1
-1.20066,0.46308,0.162433,1,0
-1.19927,0.694696,-0.00384587,1,0
-1.19789,0.835368,0.41956,0,0
-1.1965,0.87653,0.808471,0,0
-1.19512,2.02619,0.139977,0,0
-1.19373,1.0213,0.391069,0,0
-1.19234,-1.13508,0.889483,1,0
-1.19096,0.385818,0.182996,1,0
-1.18957,-0.984819,0.755224,1,0
-1.18819,0.889986,0.783615,0,0
-1.1868,-1.1225,0.840464,0,0
-1.18542,-1.04769,0.355662,0,0
-1.18403,1.36216,1.19057,0,0
-1.18264,-0.524459,0.69384,1,0
-1.18126,-1.15159,1.31546,0,0
-1.17987,1.4139,0.259358,1,0
-1.17849,-0.885473,0.022548,1,0
-1.1771,-0.856126,0.334856,0,0
-1.17572,-1.05022,1.42318,0,0
-1.17433,-1.57201,0.966585,1,0
-1.17294,-1.05602,1.18499,1,0
-1.17156,0.950425,1.28506,0,0
-1.17017,0.91994,0.501597,1,0
-1.16879,-1.60656,1.28523,1,0
-1.1674,1.18307,0.299181,0,0
-1.16602,0.608288,0.226468,0,0
-1.16463,-0.996883,0.694553,0,0
-1.16325,-1.15011,1.19028,1,0
-1.16186,-1.25519,0.72129,1,0
-1.16047,1.13943,0.588422,0,0
-1.15909,1.48465,0.571968,0,0
-1.1577,0.705017,0.945846,0,0
-1.15632,-1.25746,0.32878,1,0
-1.15493,0.214097,0.257203,0,0
-1.15355,0.803788,0.465008,1,0
-1.15216,-0.911442,1.35461,1,0
-1.15077,-0.950742,0.873153,1,0
-1.14939,-1.24221,0.921038,1,0
-1.148,0.16026,1.30498,1,0
-1.14662,-0.759872,1.27075,0,0
-1.14523,-1.12133,1.70774,0,0
-1.14385,-0.422281,0.393805,1,0
-1.14246,-1.4873,0.679534,0,0
-1.14108,-1.1862,0.57213,0,0
-1.13969,0.996208,-0.227271,0,0
-1.1383,-1.89845,0.478671,1,0
-1.13692,-1.4929,0.859334,0,0
-1.13553,1.00318,0.456225,1,0
-1.13415,0.479186,1.15746,0,0
-1.13276,-1.65796,1.17915,1,0
-1.13138,1.11089,0.39411,0,0
-1.12999,-0.255454,0.772232,1,0
-1.1286,-1.22371,1.7711,1,0
-1.12722,-1.6151,1.93116,0,0
-1.12583,0.938773,0.642635,1,0
-1.12445,1.71859,0.376562,1,0
-1.12306,-0.633077,0.485684,1,0
-1.12168,-0.643572,0.647354,0,0
-1.12029,0.812378,0.423076,0,0
-1.1189,-0.615017,0.672528,1,0
-1.11752,-1.31108,0.988352,1,0
-1.11613,0.36232,-0.211492,1,0
-1.11475,-0.795981,0.318836,1,0
-1.11336,1.21743,0.568978,0,0
-1.11198,1.33524,0.738893,0,0
-1.11059,-0.988204,0.597189,0,0
-1.10921,-1.50725,0.339708,1,0
-1.10782,0.556533,0.301833,1,0
-1.10643,-0.958498,0.857487,0,0
-1.10505,0.90835,0.560696,1,0
-1.10366,1.54635,0.455975,1,0
-1.10228,-1.35488,1.28453,0,0
-1.10089,1.29765,0.151009,1,0
-1.09951,-1.38599,1.08739,1,0
-1.09812,1.68823,0.595167,1,0
-1.09673,1.04754,0.329769,1,0
-1.09535,0.311394,0.212004,1,0
-1.09396,-1.1223,0.275585,0,0
-1.09258,-0.958192,0.847135,0,0
-1.09119,1.50299,0.780993,0,0
-1.08981,-1.27791,1.45432,1,0
-1.08842,-1.49584,0.716548,0,0
-1.08704,1.05223,0.100721,0,0
-1.08565,-0.98087,0.758669,0,0
-1.08426,1.57472,0.977911,0,0
-1.08288,-1.06108,0.945607,0,0
-1.08149,-0.92693,0.68642,1,0
-1.08011,1.4655,-0.273119,0,0
-1.07872,1.56027,0.704713,0,0
-1.07734,1.81975,0.315612,1,0
-1.07595,-1.12091,1.79319,1,0
-1.07456,1.69097,-0.030429,1,0
-1.07318,-0.554246,1.01271,1,0
-1.07179,1.17923,0.587569,0,0
-1.07041,0.227433,0.47351,0,0
-1.06902,-0.757322,1.56218,1,0
-1.06764,0.652627,0.627144,1,0
-1.06625,-1.51597,0.751455,0,0
-1.06486,-1.40892,0.580218,1,0
-1.06348,1.55972,-0.417841,0,0
-1.06209,-1.43977,0.814871,1,0
-1.06071,1.48527,0.610762,0,0
-1.05932,-0.989673,1.60176,0,0
-1.05794,-0.836957,1.45579,0,0
-1.05655,-0.0284924,-0.212703,0,0
-1.05517,-2.23207,0.439481,0,0
-1.05378,0.818291,0.610135,0,0
-1.05239,-0.849653,0.791499,0,0
-1.05101,1.78991,0.748962,0,0
-1.04962,1.37999,0.690787,0,0
-1.04824,-0.694595,1.02059,1,0
-1.04685,-0.767776,1.35899,0,0
-1.04547,0.883855,0.910936,0,0
-1.04408,1.93556,0.720766,0,0
-1.04269,-1.58589,1.10697,1,0
-1.04131,1.69526,-0.0255841,1,0
-1.03992,-0.890617,0.8288,0,0
-1.03854,1.60753,0.58281,1,0
-1.03715,1.51486,0.933947,0,0
-1.03577,1.35134,0.425447,0,0
-1.03438,1.7451,0.631741,0,0
-1.033,1.15866,0.902615,0,0
-1.03161,-0.995312,0.827549,0,0
-1.03022,-0.924234,0.65364,0,0
-1.02884,0.786769,0.27028,1,0
-1.02745,0.221419,1.11247,1,0
-1.02607,-1.23838,1.19468,0,0
-1.02468,0.827105,0.249451,0,0
-1.0233,1.94349,1.18351,1,0
-1.02191,-0.448774,1.42503,0,0
-1.02052,-1.36708,0.691777,1,0
-1.01914,-0.567474,0.966142,1,0
-1.01775,0.426844,0.215998,1,0
-1.01637,0.819663,0.258552,1,0
-1.01498,-0.3406,1.16348,1,0
-1.0136,1.30633,0.291536,0,0
-1.01221,0.877919,0.0310254,0,0
-1.01082,-1.91774,0.56081,0,0
-1.00944,1.49369,0.384664,1,0
-1.00805,1.53733,0.00801325,1,0
-1.00667,0.616076,0.644488,0,0
-1.00528,1.39487,0.773722,0,0
-1.0039,-1.23174,1.26247,0,0
-1.00251,1.09743,1.92436,0,0
-1.00113,1.36264,0.448262,1,0
-0.99974,-1.91727,0.455492,1,0
-0.998354,-1.23741,0.385856,0,0
-0.996969,-0.77851,0.662852,1,0
-0.995583,1.45316,-0.191952,1,0
-0.994197,0.784897,0.528377,1,0
-0.992812,-0.822388,0.803384,1,0
-0.991426,1.04466,-0.472614,0,0
-0.99004,-0.756079,1.31283,1,0
-0.988655,-0.98734,1.04052,0,0
-0.987269,-0.82906,0.399575,1,0
-0.985883,1.95426,0.515384,1,0
-0.984498,1.55644,1.19474,0,0
-0.983112,0.735083,0.626927,0,0
-0.981726,-1.43241,0.755446,0,0
-0.980341,-1.45297,0.703937,0,0
-0.978955,-0.353588,0.749331,1,0
-0.97757,-0.558335,0.943139,0,0
-0.976184,-0.952922,1.43574,0,0
-0.974798,-0.92199,0.892837,0,0
-0.973413,1.02951,-0.286832,1,0
-0.972027,-0.896195,1.46031,1,0
-0.970641,-1.16895,1.30647,1,0
-0.969256,-1.50341,0.722606,1,0
-0.96787,1.43252,0.715016,1,0
-0.966484,1.53851,0.646687,1,0
-0.965099,0.751685,0.287433,1,0
-0.963713,1.81434,0.430492,1,0
-0.962328,0.616157,-0.087408,1,0
-0.960942,1.81158,0.266086,1,0
-0.959556,-1.05303,0.904732,1,0
-0.958171,1.05075,1.1694,0,0
-0.956785,0.603373,0.835678,0,0
-0.955399,-0.78068,0.677279,1,0
-0.954014,-1.18444,0.872969,1,0
-0.952628,-0.707881,0.972621,0,0
-0.951242,-1.06634,1.3089,0,0
-0.949857,1.22475,0.774854,1,0
-0.948471,1.00781,0.84598,1,0
-0.947085,1.96507,1.34048,1,0
-0.9457,-0.85483,1.10479,0,0
-0.944314,1.2153,0.173595,0,0
-0.942929,1.3824,1.21352,1,0
-0.941543,1.08604,0.339196,0,0
-0.940157,0.873775,1.33541,0,0
-0.938772,0.598366,-0.00387201,0,0
-0.937386,0.870265,0.647305,1,0
-0.936,-1.24249,2.08508,1,0
-0.934615,0.87946,0.496575,1,0
-0.933229,-1.20098,0.637354,1,0
-0.931843,-0.452438,0.836801,0,0
-0.930458,0.989769,-0.39511,0,0
-0.929072,-1.28532,0.740345,1,0
-0.927686,1.34578,0.897823,0,0
-0.926301,-0.684668,1.30831,1,0
-0.924915,0.738161,0.218135,0,0
-0.92353,-1.09889,0.476672,0,0
-0.922144,-1.59036,1.55392,0,0
-0.920758,0.513275,0.870675,1,0
-0.919373,-1.36538,1.3615,1,0
-0.917987,0.962194,0.314053,1,0
-0.916601,-0.81717,0.738682,1,0
-0.915216,-1.289,1.00919,0,0
-0.91383,1.4771,1.04231,0,0
-0.912444,0.998115,0.973069,1,0
-0.911059,1.01413,0.87726,1,0
-0.909673,0.710932,1.05994,1,0
-0.908288,0.808876,0.0962275,0,0
-0.906902,0.770099,0.149849,0,0
-0.905516,-1.22565,0.578948,0,0
-0.904131,0.869494,1.25631,0,0
-0.902745,0.166054,0.581876,1,0
-0.901359,-1.27186,1.2945,0,0
-0.899974,-0.601913,1.38801,1,0
-0.898588,-1.0228,1.31349,0,0
-0.897202,-1.20217,0.733656,1,0
-0.895817,1.08615,0.19507,1,0
-0.894431,1.06601,0.572127,0,0
-0.893045,-0.498403,1.06258,0,0
-0.89166,-0.718815,0.967588,0,0
-0.890274,1.2778,0.878443,0,0
-0.888889,-0.703544,1.92095,1,0
-0.887503,-0.989043,0.903851,0,0
-0.886117,1.36208,0.705205,0,0
-0.884732,-1.70047,1.4607,1,0
-0.883346,1.17924,1.02645,0,0
-0.88196,1.6259,1.34797,0,0
-0.880575,-1.40268,1.39429,0,0
-0.879189,0.698843,0.310137,0,0
-0.877803,-1.02953,0.898428,0,0
-0.876418,1.01945,0.543008,0,0
-0.875032,-0.719979,0.747513,1,0
-0.873646,-0.941842,0.840714,0,0
-0.872261,-1.52217,0.890134,1,0
-0.870875,1.48401,0.509918,0,0
-0.86949,-0.455776,1.89873,1,0
-0.868104,-1.57075,0.906173,1,0
-0.866718,0.952218,0.815178,0,0
-0.865333,-0.605893,1.00903,1,0
-0.863947,-0.192063,0.161312,0,0
-0.862561,-0.63397,1.55259,1,0
-0.861176,0.617123,0.776404,1,0
-0.85979,1.0041,0.634668,1,0
-0.858404,1.05921,0.36825,0,0
-0.857019,1.68666,0.148165,1,0
-0.855633,1.82963,0.602641,0,0
-0.854248,1.39795,0.687572,0,0
-0.852862,0.930375,0.449529,1,0
-0.851476,1.2606,0.267048,1,0
-0.850091,1.72582,0.797757,1,0
-0.848705,-1.35672,0.669462,1,0
-0.847319,1.28615,0.452364,1,0
-0.845934,0.391035,0.820639,1,0
-0.844548,2.20249,0.479874,0,0
-0.843162,-0.729956,1.13827,1,0
-0.841777,-0.22414,1.0658,0,0
-0.840391,0.215353,0.343781,1,0
-0.839005,-1.1643,0.636922,1,0
-0.83762,-1.15712,0.656342,1,0
-0.836234,0.817979,0.529472,0,0
-0.834849,0.970874,0.896297,1,0
-0.833463,0.913793,-0.485636,0,0
-0.832077,-1.05259,1.65058,0,0
-0.830692,0.798284,0.628781,0,0
-0.829306,0.617009,0.480027,1,0
-0.82792,1.2857,0.397024,1,0
-0.826535,-1.26254,0.628193,1,0
-0.825149,0.792235,0.556714,0,0
-0.823763,-0.80341,0.801591,1,0
-0.822378,-0.905516,0.978148,1,0
-0.820992,-1.44254,0.953608,0,0
-0.819607,-0.715954,1.6718,0,0
-0.818221,1.05278,-0.269501,0,0
-0.816835,1.19915,0.291802,1,0
-0.81545,1.00598,0.628198,1,0
-0.814064,0.545236,0.73703,0,0
-0.812678,-0.214124,0.613709,1,0
-0.811293,1.82714,-0.0540454,0,0
-0.809907,1.92085,0.285443,1,0
-0.808521,1.10078,0.569273,1,0
-0.807136,1.74744,0.100778,1,0
-0.80575,0.694835,0.648069,1,0
-0.804364,-0.852133,0.167401,0,0
-0.802979,-1.29647,0.534555,0,0
-0.801593,0.953824,0.078237,1,0
-0.800208,1.55281,0.191759,1,0
-0.798822,0.871248,1.00218,1,0
-0.797436,1.21989,1.11744,1,0
-0.796051,0.422046,0.842734,0,0
-0.794665,-1.09926,1.00579,0,0
-0.793279,-0.399395,1.0138,0,0
-0.791894,0.82091,0.0554185,0,0
-0.790508,-0.942125,0.190815,0,0
-0.789122,0.705245,0.248096,1,0
-0.787737,0.95408,0.27283,0,0
-0.786351,1.47444,-0.119986,0,0
-0.784965,1.51608,0.481527,1,0
-0.78358,0.788487,0.300109,0,0
-0.782194,-0.68557,1.09341,0,0
-0.780809,1.36681,0.374881,0,0
-0.779423,-0.377436,0.617971,1,0
-0.778037,-1.15224,0.682199,0,0
-0.776652,1.31156,0.614277,1,0
-0.775266,-0.465019,0.933474,0,0
-0.77388,-1.12529,0.844545,0,0
-0.772495,1.58721,0.62456,0,0
-0.771109,0.828421,0.443127,1,0
-0.769723,-0.898663,1.03028,0,0
-0.768338,-1.1659,1.35432,1,0
-0.766952,1.32674,0.99805,1,0
-0.765567,-0.425212,0.769994,0,0
-0.764181,-1.46555,1.20841,0,0
-0.762795,-1.09194,0.937031,1,0
-0.76141,0.505554,0.903201,0,0
-0.760024,-0.871336,1.03167,0,0
-0.758638,-1.75057,0.303772,1,0
-0.757253,0.557472,0.842188,1,0
-0.755867,0.287273,7.12538e-05,1,0
-0.754481,1.45173,0.691623,0,0
-0.753096,1.79976,-0.0387006,0,0
-0.75171,0.426489,1.02802,0,0
-0.750324,0.413259,0.180389,0,0
-0.748939,-0.972102,0.638275,0,0
-0.747553,0.698395,0.657022,1,0
-0.746168,-0.455727,0.978182,0,0
-0.744782,-1.2501,0.839615,0,0
-0.743396,-1.54241,1.07832,1,0
-0.742011,-0.980905,0.790169,1,0
-0.740625,-0.208897,1.31721,1,0
-0.739239,1.72963,0.385871,1,0
-0.737854,1.4111,0.777556,1,0
-0.736468,-0.503027,-0.13381,1,0
-0.735082,-1.78197,1.75024,1,0
-0.733697,-1.75947,1.34652,0,0
-0.732311,-0.88884,0.957399,1,0
-0.730925,0.861528,2.04962,1,0
-0.72954,1.13032,0.435704,1,0
-0.728154,-1.28259,0.96884,1,0
-0.726769,0.718238,0.918926,0,0
-0.725383,1.24646,0.354869,1,0
-0.723997,-0.986989,1.29411,1,0
-0.722612,-0.775347,0.679687,0,0
-0.721226,-1.79493,0.570938,0,0
-0.71984,-0.823332,0.482962,0,0
-0.718455,-0.378114,0.623617,1,0
-0.717069,-0.733213,1.32023,0,0
-0.715683,1.33022,0.941834,0,0
-0.714298,-1.96079,1.13069,1,0
-0.712912,0.750223,0.380172,1,0
-0.711527,-0.940134,0.52799,1,0
-0.710141,-1.30543,0.944215,0,0
-0.708755,-1.29339,0.659765,0,0
-0.70737,1.54942,0.333888,0,0
-0.705984,-1.18942,0.667032,1,0
-0.704598,0.828752,0.0166782,0,0
-0.703213,-0.314545,0.37104,0,0
-0.701827,0.322472,0.897414,0,0
-0.700441,1.05111,0.237643,0,0
-0.699056,-1.42632,1.20835,0,0
-0.69767,1.10033,0.224275,1,0
-0.696284,-1.29798,1.6282,0,0
-0.694899,1.45259,0.811281,1,0
-0.693513,-1.53897,0.557097,1,0
-0.692128,-0.899885,0.325099,1,0
-0.690742,0.899961,1.089,1,0
-0.689356,1.50098,1.09339,0,0
-0.687971,-0.88452,0.935256,1,0
-0.686585,-0.69366,0.834733,0,0
-0.685199,0.611305,-0.353429,0,0
-0.683814,0.798601,0.162123,0,0
-0.682428,-1.63627,1.04888,0,0
-0.681042,0.91211,-0.05686,0,0
-0.679657,1.44466,0.910214,0,0
-0.678271,1.1326,1.03319,1,0
-0.676886,-1.18754,1.26163,0,0
-0.6755,-1.85218,1.08099,1,0
-0.674114,1.69861,0.608814,1,0
-0.672729,0.877238,0.443729,1,0
-0.671343,-1.27409,0.332143,0,0
-0.669957,-1.57007,0.45039,1,0
-0.668572,-1.47221,0.580211,1,0
-0.667186,0.697558,0.50838,1,0
-0.6658,1.17045,0.44216,1,0
-0.664415,-0.55059,0.816617,0,0
-0.663029,-1.21813,0.88,1,0
-0.661643,0.382009,0.601041,0,0
-0.660258,-1.03353,1.0061,0,0
-0.658872,1.22125,1.02742,0,0
-0.657487,-1.10999,1.20511,1,0
-0.656101,1.02011,1.28583,0,0
-0.654715,0.517834,1.12602,0,0
-0.65333,0.77243,0.290836,1,0
-0.651944,-0.463904,0.465804,0,0
-0.650558,1.26541,-0.0123444,1,0
-0.649173,0.824674,-0.145514,1,0
-0.647787,1.35512,-0.417103,0,0
-0.646401,1.27276,0.206094,0,0
-0.645016,0.915123,1.70514,1,0
-0.64363,0.0254342,0.486393,0,0
-0.642244,-1.26673,1.52746,1,0
-0.640859,0.894161,0.246004,1,0
-0.639473,-1.09899,0.758854,0,0
-0.638088,1.13919,0.204004,1,0
-0.636702,1.04952,0.492036,0,0
-0.635316,1.33372,1.09117,0,0
-0.633931,0.909013,0.0991267,1,0
-0.632545,-0.827474,0.921288,0,0
-0.631159,-0.414702,1.51099,0,0
-0.629774,1.19655,0.41503,0,0
-0.628388,-1.71594,0.723338,0,0
-0.627002,-0.959647,0.905619,0,0
-0.625617,-0.93203,1.25323,1,0
-0.624231,1.34256,0.409247,1,0
-0.622846,-1.56434,1.24259,1,0
-0.62146,0.921044,0.293401,1,0
-0.620074,1.20193,0.102093,1,0
-0.618689,1.67913,0.571727,0,0
-0.617303,1.15756,0.744523,1,0
-0.615917,1.28198,0.33213,1,0
-0.614532,-0.854531,1.06168,1,0
-0.613146,1.17237,0.730126,1,0
-0.61176,0.792548,0.286456,1,0
-0.610375,0.892431,0.341604,0,0
-0.608989,1.14527,0.461826,0,0
-0.607603,-1.10138,1.51639,1,0
-0.606218,1.67965,-0.330306,1,0
-0.604832,-1.53255,1.25721,0,0
-0.603447,-0.624109,1.07456,0,0
-0.602061,0.313733,1.05015,1,0
-0.600675,1.74399,0.596747,1,0
-0.59929,-1.47724,0.983009,1,0
-0.597904,1.18726,0.526368,1,0
-0.596518,0.994324,1.00242,1,0
-0.595133,1.34401,0.891402,0,0
-0.593747,2.25026,1.51396,0,0
-0.592361,-0.888938,0.467581,1,0
-0.590976,-1.64001,0.387811,0,0
-0.58959,0.686274,1.18948,0,0
-0.588205,-1.55709,1.22908,0,0
-0.586819,-0.35069,0.401855,1,0
-0.585433,-0.953298,0.508206,1,0
-0.584048,0.819444,0.86535,0,0
-0.582662,-1.11421,1.04334,0,0
-0.581276,1.61227,0.51893,1,0
-0.579891,-0.695173,1.36991,0,0
-0.578505,1.43195,1.13723,0,0
-0.577119,1.06181,0.810775,1,0
-0.575734,0.484783,0.492403,1,0
-0.574348,1.09686,0.120432,0,0
-0.572962,-1.24438,1.09105,1,0
-0.571577,-1.06652,0.966513,1,0
-0.570191,1.10131,0.638488,0,0
-0.568806,1.03422,0.278969,0,0
-0.56742,0.587376,0.397832,0,0
-0.566034,-0.606347,1.62784,1,0
-0.564649,-0.20156,1.23824,0,0
-0.563263,1.19629,1.03549,1,0
-0.561877,0.704826,0.348022,1,0
-0.560492,1.00864,1.41107,0,0
-0.559106,1.49598,0.0556871,0,0
-0.55772,-0.967158,0.105852,0,0
-0.556335,0.824357,0.478615,1,0
-0.554949,1.30461,0.640492,0,0
-0.553563,1.29832,1.21006,1,0
-0.552178,-1.36486,1.21791,0,0
-0.550792,-0.859954,0.65694,1,0
-0.549407,-0.834025,0.839352,1,0
-0.548021,0.874369,0.192042,0,0
-0.546635,-1.04491,1.1665,0,0
-0.54525,-1.0597,0.925676,0,0
-0.543864,0.855624,0.402255,0,0
-0.542478,1.24442,0.432713,1,0
-0.541093,1.18018,0.573112,1,0
-0.539707,0.905169,0.375259,1,0
-0.538321,0.788021,0.193696,1,0
-0.536936,-1.51414,1.00366,1,0
-0.53555,-1.91702,1.07718,1,0
-0.534165,1.75149,0.702624,1,0
-0.532779,-1.37011,0.848164,1,0
-0.531393,-0.934713,1.01156,1,0
-0.530008,1.34505,0.285818,0,0
-0.528622,1.5487,-0.0319301,0,0
-0.527236,0.965297,0.163391,1,0
-0.525851,0.871027,0.347023,0,0
-0.524465,-0.750114,0.765416,0,0
-0.523079,1.73547,0.779883,1,0
-0.521694,1.10707,0.816693,0,0
-0.520308,0.304415,0.62953,1,0
-0.518922,1.22156,0.306567,1,0
-0.517537,-0.504099,0.713835,1,0
-0.516151,-0.425314,1.28423,0,0
-0.514766,-0.635588,0.954109,1,0
-0.51338,-1.24069,0.777216,1,0
-0.511994,-1.47323,1.81056,0,0
-0.510609,1.95995,0.676327,0,0
-0.509223,1.38368,-0.16327,1,0
-0.507837,-1.11344,1.2315,1,0
-0.506452,0.570788,0.826946,0,0
-0.505066,1.17243,0.632045,0,0
-0.50368,0.679813,1.21645,1,0
-0.502295,0.842425,0.647671,0,0
-0.500909,-0.0138652,0.739522,1,0
-0.499523,-1.01891,1.56692,0,0
-0.498138,0.48908,0.356717,0,0
-0.496752,1.2512,0.983667,1,0
-0.495367,1.54864,0.337276,0,0
-0.493981,1.06663,1.22196,0,0
-0.492595,0.231942,0.502874,1,0
-0.49121,-0.98595,1.54375,0,0
-0.489824,-1.46143,1.34125,1,0
-0.488438,-0.833024,0.91278,1,0
-0.487053,-1.37591,0.343509,1,0
-0.485667,1.54245,0.316734,1,0
-0.484281,-1.41791,1.6229,0,0
-0.482896,-2.01621,1.17891,0,0
-0.48151,-0.765651,0.684217,1,0
-0.480125,-0.941575,1.2291,0,0
-0.478739,-1.455,0.977446,1,0
-0.477353,-1.64661,0.963895,1,0
-0.475968,1.16156,1.12781,0,0
-0.474582,-0.413585,1.23583,0,0
-0.473196,0.833404,0.397414,0,0
-0.471811,-0.574666,1.73475,0,0
-0.470425,-0.789534,1.29402,0,0
-0.469039,0.982223,-0.277669,1,0
-0.467654,-0.773154,0.892114,1,0
-0.466268,-0.917851,0.247774,0,0
-0.464882,0.93451,0.0239382,1,0
-0.463497,-1.56302,1.00261,1,0
-0.462111,1.86143,0.473282,0,0
-0.460726,-0.871805,1.55053,1,0
-0.45934,0.739552,0.437207,0,0
-0.457954,-1.05532,1.39362,1,0
-0.456569,0.415267,0.248268,0,0
-0.455183,-1.15058,-0.203038,0,0
-0.453797,-0.973459,0.571054,0,0
-0.452412,-0.250281,1.17214,0,0
-0.451026,-0.615771,1.38972,0,0
-0.44964,1.18502,0.96413,0,0
-0.448255,1.26773,0.0715229,0,0
-0.446869,-0.917712,1.38331,1,0
-0.445484,-0.512136,1.30179,1,0
-0.444098,-0.194201,0.364888,0,0
-0.442712,1.60654,0.524694,1,0
-0.441327,0.818808,0.877036,0,0
-0.439941,1.98518,0.394278,1,0
-0.438555,0.661917,0.0164917,0,0
-0.43717,-0.959885,0.399184,0,0
-0.435784,-0.792651,0.990804,1,0
-0.434398,1.72481,0.988804,1,0
-0.433013,-0.672694,1.8243,1,0
-0.431627,0.910949,0.837717,1,0
-0.430241,-0.530436,1.17898,1,0
-0.428856,-1.66891,1.4641,0,0
-0.42747,-1.08516,1.19848,0,0
-0.426085,-0.99113,0.215523,0,0
-0.424699,0.454823,0.914301,1,0
-0.423313,-1.29807,1.19605,0,0
-0.421928,-1.18395,0.788951,1,0
-0.420542,1.30523,0.870305,0,0
-0.419156,1.2702,0.242774,1,0
-0.417771,-0.919062,1.39193,1,0
-0.416385,-0.638231,1.10016,1,0
-0.414999,1.19744,1.30774,0,0
-0.413614,-0.427,1.07129,0,0
-0.412228,1.2322,0.73506,0,0
-0.410842,1.30568,0.174685,1,0
-0.409457,-0.521732,0.322663,1,0
-0.408071,1.04786,0.544799,0,0
-0.406686,0.90254,-0.18405,1,0
-0.4053,-1.45731,-0.350614,1,0
-0.403914,0.907951,-0.0162309,0,0
-0.402529,1.26837,0.72741,0,0
-0.401143,-1.27084,0.456392,0,0
-0.399757,-1.02845,1.28317,0,0
-0.398372,-1.71704,0.870708,0,0
-0.396986,1.15391,0.191009,1,0
-0.3956,-0.902315,0.902849,0,0
-0.394215,0.889237,0.161101,1,0
-0.392829,-2.03544,0.241554,1,0
-0.391444,-1.06274,1.14866,0,0
-0.390058,-0.46806,1.2132,1,0
-0.388672,-1.3635,0.928208,1,0
-0.387287,-1.16309,0.885141,0,0
-0.385901,-1.3414,0.970152,1,0
-0.384515,1.20619,-0.117664,1,0
-0.38313,0.874535,0.2246,0,0
-0.381744,-1.03061,1.38454,0,0
-0.380358,1.75147,1.12047,1,0
-0.378973,-1.00914,1.2116,0,0
-0.377587,-1.21724,0.946909,1,0
-0.376201,1.47181,0.435966,0,0
-0.374816,0.977299,0.0745556,0,0
-0.37343,0.713651,0.0339457,0,0
-0.372045,1.23916,1.18482,0,0
-0.370659,1.18609,0.37918,0,0
-0.369273,-0.790959,1.21911,0,0
-0.367888,-1.10012,0.331051,1,0
-0.366502,0.802203,-0.0106177,1,0
-0.365116,-1.35373,1.14146,1,0
-0.363731,0.621288,0.209639,1,0
-0.362345,-0.743602,1.23924,0,0
-0.360959,-0.977552,1.38792,0,0
-0.359574,-1.54152,1.14498,1,0
-0.358188,1.1887,-0.229773,1,0
-0.356802,1.2456,1.01852,1,0
-0.355417,0.775142,0.62948,1,0
-0.354031,-0.797149,0.545221,1,0
-0.352646,0.459092,0.509514,1,0
-0.35126,0.803528,0.314443,0,0
-0.349874,-1.34364,0.501198,1,0
-0.348489,1.89486,0.583743,0,0
-0.347103,0.158501,1.26945,0,0
-0.345717,-1.7014,1.65365,3,0
-0.344332,0.847632,0.612475,2,0
-0.342946,-1.33107,1.19594,3,0
-0.34156,1.29976,0.246105,2,0
-0.340175,0.666331,0.0635403,2,0
-0.338789,-0.914305,0.849596,3,0
-0.337404,-1.20161,1.59069,3,0
-0.336018,1.09841,0.770883,3,0
-0.334632,0.663774,0.166745,3,0
-0.333247,1.3879,0.204979,3,0
-0.331861,-1.08793,0.841458,2,0
-0.330475,0.732767,0.91894,3,0
-0.32909,-1.93559,1.2844,3,0
-0.327704,-1.44645,0.636356,2,0
-0.326318,1.09172,0.723959,3,0
-0.324933,0.872367,-0.105991,3,0
-0.323547,-1.23555,-0.0579884,2,0
-0.322161,-0.928015,0.787587,3,0
-0.320776,0.876104,0.968346,2,0
-0.31939,0.70999,0.846027,2,0
-0.318005,-0.973031,0.832068,2,0
-0.316619,0.279599,0.689178,3,0
-0.315233,1.46336,1.22142,3,0
-0.313848,0.969539,0.405373,2,0
-0.312462,-1.58288,0.791353,3,0
-0.311076,1.47118,0.873691,2,0
-0.309691,1.65859,1.12029,2,0
-0.308305,-0.945257,1.22616,3,0
-0.306919,-0.820747,0.789696,2,0
-0.305534,1.06231,0.0792444,3,0
-0.304148,-0.17555,0.710138,3,0
-0.302763,-0.526672,0.664287,3,0
-0.301377,-2.2716,1.72271,2,-1
-0.299991,0.724945,0.29342,3,0
-0.298606,-1.65452,0.83515,2,0
-0.29722,1.37836,0.290661,2,0
-0.295834,0.965411,0.955972,3,0
-0.294449,1.26194,1.23937,3,0
-0.293063,-0.976879,1.36179,3,0
-0.291677,1.38706,0.35608,3,0
-0.290292,-1.69416,1.39413,2,0
-0.288906,1.56598,0.632579,2,0
-0.28752,-2.0119,0.682961,3,0
-0.286135,1.54635,0.746504,3,0
-0.284749,1.49761,0.488993,2,0
-0.283364,0.713746,-0.00544971,2,0
-0.281978,-0.782971,0.429777,3,0
-0.280592,1.39574,0.975879,3,0
-0.279207,1.60889,0.655351,3,0
-0.277821,1.42815,0.906443,3,0
-0.276435,1.05734,0.482286,3,0
-0.27505,-1.1624,1.36093,2,0
-0.273664,0.841268,0.402129,2,0
-0.272278,0.599474,0.824133,3,0
-0.270893,1.55474,1.1943,2,0
-0.269507,1.60066,-0.0952894,2,0
-0.268121,-0.729072,0.703865,2,0
-0.266736,0.846235,0.176463,3,0
-0.26535,-0.909401,1.47138,2,0
-0.263965,0.00377626,0.163919,3,0
-0.262579,0.674844,0.0915317,2,0
-0.261193,1.30999,0.965139,2,0
-0.259808,-0.0356931,0.744611,2,0
-0.258422,-1.28348,1.52484,3,0
-0.257036,1.30495,0.161406,3,0
-0.255651,0.929596,0.539831,2,0
-0.254265,-1.19572,1.34954,3,0
-0.252879,0.743076,0.094557,3,0
-0.251494,-0.901462,0.365382,3,0
-0.250108,0.661502,0.67838,2,0
-0.248723,-0.918322,1.65258,3,0
-0.247337,1.92448,1.04549,3,0
-0.245951,0.69051,0.907233,2,0
-0.244566,-0.835801,0.383152,3,0
-0.24318,-1.18566,1.02866,3,0
-0.241794,-0.214945,0.573351,3,0
-0.240409,-1.12129,0.594624,2,0
-0.239023,-0.781768,0.885256,2,0
-0.237637,1.1413,0.524806,2,0
-0.236252,-1.59898,0.746315,2,0
-0.234866,-0.822008,1.65147,2,0
-0.23348,-1.42146,1.68765,3,0
-0.232095,-0.5277,1.15686,3,0
-0.230709,0.907761,-0.0116701,2,0
-0.229324,1.28757,1.04625,2,0
-0.227938,-0.934966,1.28382,3,0
-0.226552,-1.39459,1.39895,2,0
-0.225167,-0.913728,0.454695,2,0
-0.223781,1.62116,1.20167,2,0
-0.222395,-0.831373,1.34044,2,0
-0.22101,1.34792,0.8253,2,0
-0.219624,-0.868681,1.01399,3,0
-0.218238,1.79312,0.720337,2,0
-0.216853,-1.31644,0.940939,3,0
-0.215467,-1.21249,0.876239,3,0
-0.214081,1.51105,0.672579,3,0
-0.212696,1.20561,0.337113,2,0
-0.21131,-1.50293,0.646772,3,0
-0.209925,-0.555485,1.30584,2,0
-0.208539,-0.702988,1.22926,2,0
-0.207153,1.04338,0.0207937,2,0
-0.205768,-1.29068,1.06539,2,0
-0.204382,0.425358,0.678176,3,0
-0.202996,-0.637399,1.05795,2,0
-0.201611,1.0745,0.741893,2,0
-0.200225,-1.12152,0.97939,3,0
-0.198839,0.819283,1.13243,2,0
-0.197454,1.47334,0.704975,3,0
-0.196068,-0.518844,0.986205,2,0
-0.194683,1.11013,0.00866809,2,0
-0.193297,-0.496075,0.0946112,2,0
-0.191911,1.44555,0.89581,2,0
-0.190526,-0.896927,0.738706,2,0
-0.18914,0.862572,0.37604,3,0
-0.187754,-0.621596,1.36938,2,0
-0.186369,-1.20077,0.296463,3,0
-0.184983,-1.1566,0.82751,2,0
-0.183597,-0.904961,0.168266,2,0
-0.182212,-1.34078,1.72977,3,0
-0.180826,-1.50965,1.42956,3,0
-0.17944,-1.09157,1.52575,2,0
-0.178055,1.07579,0.116787,2,0
-0.176669,1.34299,0.670183,2,0
-0.175284,0.866286,-0.0466772,3,0
-0.173898,-1.32823,1.389,2,0
-0.172512,-0.806471,0.629739,3,0
-0.171127,0.152959,0.567035,2,0
-0.169741,-0.790151,0.90394,2,0
-0.168355,0.976055,0.73656,2,0
-0.16697,-0.944367,0.789131,2,0
-0.165584,0.725559,0.776694,2,0
-0.164198,1.73302,0.417834,2,0
-0.162813,0.682662,0.483444,2,0
-0.161427,-1.60514,1.95422,3,0
-0.160042,0.889393,0.580035,2,0
-0.158656,-1.11359,0.689213,2,0
-0.15727,1.06807,0.747966,2,0
-0.155885,0.764571,0.237758,3,0
-0.154499,-0.311416,1.38612,2,0
-0.153113,-0.853126,1.86777,2,0
-0.151728,-1.15205,0.937108,2,0
-0.150342,-0.389681,0.606076,2,0
-0.148956,0.646709,0.952367,2,0
-0.147571,1.16778,0.256288,3,0
-0.146185,0.567716,0.880007,2,0
-0.144799,-0.840533,1.50756,2,0
-0.143414,0.64435,0.833773,2,0
-0.142028,0.662459,-0.0548027,2,0
-0.140643,-0.973059,1.0415,3,0
-0.139257,-1.51881,0.546784,3,0
-0.137871,1.44174,1.12366,3,0
-0.136486,0.807133,0.575376,2,0
-0.1351,-1.38233,1.03912,3,0
-0.133714,0.839652,0.268416,2,0
-0.132329,0.37589,-0.0288443,3,0
-0.130943,0.876885,0.603168,3,0
-0.129557,0.416153,1.10597,2,0
-0.128172,-0.440847,0.568948,2,0
-0.126786,-0.824755,0.639424,3,0
-0.1254,0.745715,0.135585,3,0
-0.124015,-0.660115,0.950068,2,0
-0.122629,-0.957727,1.27963,3,0
-0.121244,-1.4299,0.524086,3,0
-0.119858,1.4803,0.661452,2,0
-0.118472,-1.73667,0.57873,3,0
-0.117087,0.899555,0.948458,3,0
-0.115701,-0.979478,0.607497,2,0
-0.114315,-1.18916,1.0566,3,0
-0.11293,0.593991,0.38685,3,0
-0.111544,-0.627598,0.913385,2,0
-0.110158,1.26677,0.21508,3,0
-0.108773,-1.1073,1.47738,3,0
-0.107387,0.719398,0.585576,3,0
-0.106002,-1.6791,1.06198,2,0
-0.104616,-1.54389,1.06259,3,0
-0.10323,-1.0468,1.14276,3,0
-0.101845,0.872169,0.820743,2,0
-0.100459,0.945491,-0.000116405,3,0
-0.0990733,-1.18919,1.69377,2,0
-0.0976877,-0.80544,0.304226,3,0
-0.096302,0.265697,-0.0444096,3,0
-0.0949164,0.98464,0.427446,3,0
-0.0935308,1.38331,0.0883723,3,0
-0.0921451,-1.32735,0.767774,3,0
-0.0907595,1.26785,0.623618,3,0
-0.0893738,1.23816,0.823439,2,0
-0.0879882,1.02346,0.550289,3,0
-0.0866025,-1.36761,1.24808,2,0
-0.0852169,-0.864005,0.537252,2,0
-0.0838313,1.54428,0.598014,3,0
-0.0824456,1.00325,0.752465,2,0
-0.08106,-1.18254,0.84361,2,0
-0.0796743,1.29267,-0.249969,2,0
-0.0782887,-1.10694,0.364837,2,0
-0.0769031,0.41899,0.72134,3,0
-0.0755174,-1.23659,0.974843,2,0
-0.0741318,-0.891234,-0.199592,2,0
-0.0727461,-1.00234,0.812816,3,0
-0.0713605,1.12657,0.758403,2,0
-0.0699749,-1.09254,0.413295,3,0
-0.0685892,0.423229,0.179679,2,0
-0.0672036,1.91467,1.17667,2,0
-0.0658179,-0.885229,0.989707,3,0
-0.0644323,1.52841,0.168851,2,0
-0.0630467,-1.21117,1.08949,3,0
-0.061661,0.94865,0.990258,3,0
-0.0602754,2.05851,0.496026,2,0
-0.0588897,0.483794,0.866137,2,0
-0.0575041,1.19556,0.274498,2,0
-0.0561185,-1.56836,0.926411,3,0
-0.0547328,-0.248841,0.955378,2,0
-0.0533472,-0.900721,0.656413,2,0
-0.0519615,1.03033,-0.0929756,3,0
-0.0505759,0.46906,0.158428,2,0
-0.0491902,-1.0808,1.01961,3,0
-0.0478046,1.14227,0.545438,2,0
-0.046419,0.388339,1.28451,2,0
-0.0450333,0.157258,0.603903,2,0
-0.0436477,-1.11643,0.617933,2,0
-0.042262,-1.60735,0.811817,2,0
-0.0408764,-1.43814,0.64445,2,0
-0.0394908,1.0685,1.01838,3,0
-0.0381051,1.00051,0.93839,3,0
-0.0367195,-1.97672,1.08097,2,0
-0.0353338,0.477253,0.676995,3,0
-0.0339482,-0.931073,0.896534,3,0
-0.0325626,1.37335,0.0656425,3,0
-0.0311769,1.10299,-0.0668881,2,0
-0.0297913,1.12474,0.628938,3,0
-0.0284056,-1.28096,0.738473,3,0
-0.02702,-0.772662,1.47591,3,0
-0.0256344,-0.690686,0.677678,2,0
-0.0242487,-0.879729,0.13614,3,0
-0.0228631,1.17044,0.235079,3,0
-0.0214774,-0.8467,0.68935,3,0
-0.0200918,-1.62678,1.52915,2,0
-0.0187062,-1.61941,1.15784,3,0
-0.0173205,-0.173694,0.952705,3,0
-0.0159349,-1.46917,1.08398,3,0
-0.0145492,1.48795,0.572431,2,0
-0.0131636,0.539686,0.95263,3,0
-0.0117779,-0.735193,1.6768,2,0
-0.0103923,-1.08495,0.674203,2,0
-0.00900666,-1.22261,1.59455,3,0
-0.00762102,-1.8521,0.857953,3,0
-0.00623538,0.923793,0.681398,2,0
-0.00484974,-0.835501,0.977343,2,0
-0.0034641,0.587005,0.805509,2,0
-0.00207846,0.865293,0.401485,3,0
-0.00069282,-0.706965,0.900406,3,0
0.00069282,-0.559989,1.23218,2,0
0.00207846,1.39425,0.0103217,3,0
0.0034641,-0.825496,1.92281,2,0
0.00484974,-0.894498,0.886153,2,0
0.00623538,-0.324917,1.24633,3,0
0.00762102,-0.939834,0.855431,2,0
0.00900666,-0.647715,1.40329,3,0
0.0103923,0.763829,0.556697,2,0
0.0117779,-1.22125,1.43413,3,0
0.0131636,-1.25604,1.13945,3,0
0.0145492,-0.496582,1.17492,2,0
0.0159349,0.813054,0.154704,2,0
0.0173205,-0.655906,0.653907,2,0
0.0187062,-0.567392,0.886203,2,0
0.0200918,1.21158,0.202159,2,0
0.0214774,0.784494,0.861255,2,0
0.0228631,0.475273,0.538797,2,0
0.0242487,0.98302,0.036475,2,0
0.0256344,-0.975869,0.854894,2,0
0.02702,1.0913,0.746532,2,0
0.0284056,0.727895,0.263038,3,0
0.0297913,-1.45665,-0.0023435,3,0
0.0311769,-1.20481,1.23004,3,0
0.0325626,-0.850693,1.23699,3,0
0.0339482,-0.887196,0.739312,2,0
0.0353338,-1.45171,0.888531,2,0
0.0367195,0.229594,0.613123,2,0
0.0381051,-0.81684,0.624895,3,0
0.0394908,-1.20544,1.40413,2,0
0.0408764,-0.894192,0.801661,3,0
0.042262,-1.33877,1.31611,3,0
0.0436477,1.04473,0.665993,2,0
0.0450333,-0.977917,0.961333,2,0
0.046419,1.54721,0.0556528,2,0
0.0478046,-1.184,0.89219,2,0
0.0491902,1.14107,0.785801,2,0
0.0505759,-0.839554,0.743981,2,0
0.0519615,0.222611,0.674647,3,0
0.0533472,-0.899522,0.862477,2,0
0.0547328,-1.88141,1.43707,3,0
0.0561185,-0.428748,1.4046,3,0
0.0575041,-1.30451,1.12814,2,0
0.0588897,-1.83611,1.47362,3,0
0.0602754,1.18658,0.457676,2,0
0.061661,-1.22674,0.774055,3,0
0.0630467,1.0906,0.753209,3,0
0.0644323,-0.95107,1.68829,2,0
0.0658179,-1.21793,1.14962,3,0
0.0672036,-0.621531,0.922415,3,0
0.0685892,1.1888,0.296885,2,0
0.0699749,-0.703906,1.11321,2,0
0.0713605,-1.15642,0.431424,3,0
0.0727461,0.631043,0.748415,3,0
0.0741318,-1.44365,1.16065,2,0
0.0755174,-0.663721,0.236734,3,0
0.0769031,-0.686521,1.07762,2,0
0.0782887,-0.917918,0.650612,3,0
0.0796743,-1.07601,1.34487,3,0
0.08106,1.68611,0.538588,2,0
0.0824456,1.3767,0.492728,2,0
0.0838313,1.35572,0.098493,2,0
0.0852169,1.39117,0.1021,2,0
0.0866025,1.28905,0.319779,3,0
0.0879882,0.938163,0.135789,3,0
0.0893738,1.20334,1.2197,3,0
0.0907595,-1.43072,1.38807,3,0
0.0921451,-0.74814,0.380241,3,0
0.0935308,0.954367,0.187233,3,0
0.0949164,-0.968671,0.814471,2,0
0.096302,1.93322,0.681427,3,0
0.0976877,-1.59025,1.48347,2,0
0.0990733,1.31108,0.104366,3,0
0.100459,1.46245,0.632824,2,0
0.101845,-1.01922,0.636998,3,0
0.10323,-0.305101,0.366844,3,0
0.104616,-2.38037,1.12905,2,0
0.106002,-1.17634,0.86269,3,0
0.107387,0.0801726,0.159917,3,0
0.108773,0.60327,0.0826335,3,0
0.110158,0.581209,0.512294,3,0
0.111544,-1.04356,1.12241,3,0
0.11293,1.14494,0.0590291,3,0
0.114315,-0.885861,0.297843,3,0
0.115701,-1.13093,1.52374,3,0
0.117087,0.804393,0.397573,2,0
0.118472,0.310884,0.636203,3,0
0.119858,-1.08854,1.17098,2,0
0.121244,0.924653,0.023296,3,0
0.122629,0.870349,0.427945,2,0
0.124015,-1.24965,0.526297,2,0
0.1254,-0.597149,0.471877,2,0
0.126786,0.420985,0.697657,2,0
0.128172,0.966192,0.562253,2,0
0.129557,0.333077,0.806262,2,0
0.130943,-0.687186,1.28917,3,0
0.132329,0.983889,0.206209,2,0
0.133714,1.13248,0.621303,2,0
0.1351,-1.03527,0.459571,2,0
0.136486,-1.26451,0.520336,2,0
0.137871,-0.766361,1.25148,2,0
0.139257,-0.431465,1.13837,2,0
0.140643,-0.303423,0.686834,3,0
0.142028,1.16783,0.0549537,3,0
0.143414,-1.34908,1.06672,3,0
0.144799,1.38069,-0.0710148,3,0
0.146185,-1.74823,0.751216,2,0
0.147571,1.02841,0.128308,2,0
0.148956,0.631718,-0.0595797,2,0
0.150342,-1.39892,0.767721,3,0
0.151728,1.06832,1.21505,3,0
0.153113,-1.23392,1.27083,2,0
0.154499,-1.26434,1.66585,3,0
0.155885,0.817652,0.705656,3,0
0.15727,-1.47342,0.925888,3,0
0.158656,1.02116,-0.206419,2,0
0.160042,0.192214,0.998129,3,0
0.161427,-1.57236,1.0291,2,0
0.162813,0.996737,0.820522,3,0
0.164198,-1.88775,1.30856,2,0
0.165584,-0.929446,0.965124,2,0
0.16697,0.956531,1.00069,2,0
0.168355,-1.68982,0.966928,2,0
0.169741,0.747544,0.378674,2,0
0.171127,0.555439,0.549861,3,0
0.172512,0.861518,0.897004,2,0
0.173898,1.07775,0.634257,3,0
0.175284,1.09918,0.613246,3,0
0.176669,-1.19544,1.40032,2,0
0.178055,0.94212,0.773864,2,0
0.17944,0.915842,0.588506,2,0
0.180826,0.715395,0.0352626,3,0
0.182212,0.53644,-0.0129499,2,0
0.183597,1.44195,0.586867,2,0
0.184983,-1.50481,1.17225,3,0
0.186369,-1.06605,0.995552,3,0
0.187754,0.661462,1.11548,3,0
0.18914,-1.21221,1.50373,3,0
0.190526,0.854671,0.10959,3,0
0.191911,1.10289,0.0990016,3,0
0.193297,-1.42653,0.785164,2,0
0.194683,1.15174,1.3603,3,0
0.196068,0.4068,0.567333,2,0
0.197454,0.947315,0.273044,3,0
0.198839,1.33471,0.384575,2,0
0.200225,1.04932,0.411722,2,0
0.201611,-0.750736,1.59934,3,0
0.202996,0.552028,0.816568,2,0
0.204382,-1.18401,0.910484,2,0
0.205768,-0.745054,-0.00370083,3,0
0.207153,1.73023,0.759992,2,0
0.208539,1.58798,0.82737,2,0
0.209925,1.26088,0.955703,2,0
0.21131,0.917648,0.635726,2,0
0.212696,1.73371,0.429456,2,0
0.214081,-1.48114,1.06381,3,0
0.215467,-1.06426,1.06449,3,0
0.216853,0.772112,-0.422163,2,0
0.218238,-0.872987,0.320743,3,0
0.219624,-1.3984,0.850792,3,0
0.22101,0.660543,0.656157,2,0
0.222395,-0.371672,0.908925,2,0
0.223781,-1.19896,1.53237,2,0
0.225167,-1.59949,0.662491,3,0
0.226552,0.997417,0.809537,3,0
0.227938,0.986032,0.750124,3,0
0.229324,-1.25156,1.15261,2,0
0.230709,1.01323,0.52755,3,0
0.232095,1.42769,0.652658,3,0
0.23348,-0.990947,0.833026,2,0
0.234866,-0.748333,0.989782,2,0
0.236252,-1.66192,0.216566,2,0
0.237637,1.25596,1.06253,3,0
0.239023,0.71943,0.740117,2,0
0.240409,-1.6585,1.02173,2,0
0.241794,-0.647587,0.566426,2,0
0.24318,-1.29254,1.01686,2,0
0.244566,0.741874,0.304715,2,0
0.245951,0.770422,-0.17077,3,0
0.247337,0.815463,0.0167225,2,0
0.248723,-1.18268,1.38202,2,0
0.250108,2.37173,0.705688,3,0
0.251494,-1.26143,1.30652,3,0
0.252879,1.03436,0.252383,2,0
0.254265,0.211906,0.709104,3,0
0.255651,0.218143,0.526795,2,0
0.257036,-0.0511847,0.832367,2,0
0.258422,0.651503,0.794921,2,0
0.259808,-0.831159,0.270834,3,0
0.261193,-0.928434,0.953615,3,0
0.262579,-0.672166,0.559582,2,0
0.263965,-2.11321,0.209693,2,0
0.26535,1.60655,0.39914,3,0
0.266736,-1.11943,0.979439,2,0
0.268121,-1.17166,0.38985,2,0
0.269507,-1.14472,0.836749,3,0
0.270893,1.3152,-0.0231013,2,0
0.272278,-0.964499,1.05293,3,0
0.273664,1.22342,0.909731,3,0
0.27505,1.37749,0.793535,2,0
0.276435,0.80153,0.421009,2,0
0.277821,1.37769,0.438539,3,0
0.279207,0.376523,0.907987,2,0
0.280592,0.773173,1.31528,3,0
0.281978,1.45828,0.163125,3,0
0.283364,1.08927,1.17541,2,0
0.284749,1.5132,0.514944,3,0
0.286135,1.16207,0.967353,2,0
0.28752,1.27886,0.216601,3,0
0.288906,1.5872,0.517771,3,0
0.290292,1.10396,0.961932,3,0
0.291677,-0.848293,0.858619,2,0
0.293063,1.51979,0.222457,2,0
0.294449,-1.32411,0.783243,3,0
0.295834,1.34174,-0.0990869,2,0
0.29722,-1.5019,0.76116,2,0
0.298606,-1.19332,1.17254,3,0
0.299991,1.2297,0.202414,2,0
0.301377,1.26083,0.772533,3,0
0.302763,-1.33826,-0.125514,2,0
0.304148,1.58898,0.220114,2,0
0.305534,1.53108,0.876795,3,0
0.306919,1.00669,-0.0312894,3,0
0.308305,-1.92069,0.362512,3,0
0.309691,-1.66852,1.5326,2,0
0.311076,-1.16289,0.60893,3,0
0.312462,1.01594,0.449081,2,0
0.313848,-1.53976,1.23216,3,0
0.315233,-1.45828,0.455742,3,0
0.316619,-2.15553,1.26539,2,0
0.318005,-0.929651,0.878952,3,0
0.31939,-1.9562,0.142485,2,0
0.320776,-1.22418,0.825162,2,0
0.322161,-1.62224,1.29032,3,0
0.323547,1.13253,0.923973,2,0
0.324933,-1.17769,1.00976,3,0
0.326318,1.12039,0.963329,2,0
0.327704,-1.20659,0.585145,2,0
0.32909,-1.65304,0.72971,3,0
0.330475,-1.25445,0.973922,2,0
0.331861,0.465234,0.78168,3,0
0.333247,-0.771569,0.952592,2,0
0.334632,-0.597956,0.143263,3,0
0.336018,-0.923324,1.39071,3,0
0.337404,-0.937793,1.17537,2,0
0.338789,0.293337,0.891437,2,0
0.340175,1.31744,0.383135,3,0
0.34156,0.575837,-0.247212,3,0
0.342946,-1.09703,0.742754,2,0
0.344332,1.29623,0.346089,3,0
0.345717,-0.750113,0.876727,2,0
0.347103,-0.341353,-0.981972,3,0
0.348489,0.779139,-1.70051,3,0
0.349874,-1.15287,-1.12893,3,0
0.35126,-0.969211,-0.666075,3,0
0.352646,-0.366702,-0.432822,3,0
0.354031,1.15619,-1.23147,2,0
0.355417,-0.426814,-0.499999,2,0
0.356802,0.805787,-1.63287,3,0
0.358188,-0.813979,-0.405147,3,0
0.359574,0.425377,-1.05463,2,0
0.360959,-1.24367,-1.03621,3,0
0.362345,0.106655,-0.64508,3,0
0.363731,1.27189,-0.981545,2,0
0.365116,-0.86294,-0.613717,2,0
0.366502,1.27484,-1.04794,2,0
0.367888,0.154199,-0.656391,3,0
0.369273,0.297671,-0.835925,3,0
0.370659,0.390653,-1.27829,2,0
0.372045,-0.188352,-1.37976,3,0
0.37343,-1.15831,-1.32249,3,0
0.374816,0.197759,-1.7799,2,0
0.376201,-1.24416,-1.18111,3,0
0.377587,-0.221629,-1.30065,3,0
0.378973,-0.395288,-0.850092,3,0
0.380358,-1.13271,-0.937344,3,0
0.381744,0.194803,-0.695173,2,0
0.38313,0.207347,-0.774014,3,0
0.384515,-0.103941,-1.57088,3,0
0.385901,-0.330178,-1.35296,2,0
0.387287,-0.971326,-0.732251,2,0
0.388672,1.08838,-1.27204,2,0
0.390058,0.287362,-1.65655,3,0
0.391444,0.441581,-1.74016,3,0
0.392829,-1.31208,-1.31796,2,0
0.394215,-1.03534,-0.890582,3,0
0.3956,-0.490974,-0.526399,2,0
0.396986,0.355494,-0.996487,2,0
0.398372,0.33747,-1.70211,2,0
0.399757,-0.0397556,-1.53268,3,0
0.401143,-0.157643,-1.43889,3,0
0.402529,1.0504,-1.54458,3,0
0.403914,0.0921598,-1.6294,2,0
0.4053,0.305655,-0.878404,2,0
0.406686,0.267109,-0.802148,2,0
0.408071,0.271028,-0.831139,2,0
0.409457,-0.338871,-1.29521,2,0
0.410842,-0.333174,-1.04345,2,0
0.412228,0.36428,-1.06423,3,0
0.413614,-1.23994,-1.04385,2,0
0.414999,1.19273,-0.965055,2,0
0.416385,0.226385,-1.69894,2,0
0.417771,0.478064,-1.09647,3,0
0.419156,-0.0314063,-1.47515,3,0
0.420542,0.405727,-1.13912,3,0
0.421928,0.145508,-0.650865,3,0
0.423313,-1.20607,-1.13793,3,0
0.424699,1.06192,-1.5484,3,0
0.426085,0.0508541,-1.67009,2,0
0.42747,-1.19964,-1.25921,3,0
0.428856,0.0943351,-1.59247,3,0
0.430241,-0.736132,-0.531682,2,0
0.431627,-0.415526,-0.490267,2,0
0.433013,-1.04163,-0.775272,2,0
0.434398,0.318902,-1.69668,2,0
0.435784,0.818805,-1.63097,3,0
0.43717,0.763931,-1.63245,3,0
0.438555,-1.19455,-1.16884,3,0
0.439941,0.727079,-1.54116,2,0
0.441327,-0.303774,-1.09857,3,0
0.442712,0.451719,-1.19375,3,0
0.444098,0.258571,-1.68152,3,0
0.445484,-1.00958,-0.722582,3,0
0.446869,-0.372667,-0.487481,3,0
0.448255,1.24085,-1.08244,3,0
0.44964,-1.15983,-1.04332,2,0
0.451026,0.319518,-1.00094,3,0
0.452412,-0.129354,-0.496572,2,0
0.453797,0.876518,-1.53136,2,0
0.455183,-0.826393,-0.59562,3,0
0.456569,-0.157442,-1.46794,2,0
0.457954,-0.440833,-0.552761,3,0
0.45934,0.373597,-1.80653,2,0
0.460726,0.470521,-1.70831,3,0
0.462111,0.489118,-1.65165,2,0
0.463497,1.22185,-1.10858,2,0
0.464882,1.28445,-0.942807,3,0
0.466268,-1.29665,-1.08469,2,0
0.467654,0.88004,-1.57575,3,0
0.469039,-0.363228,-1.24883,2,0
0.470425,-0.380276,-1.03564,2,0
0.471811,-0.0399801,-1.528,3,0
0.473196,-0.0462617,-0.520599,3,0
0.474582,-0.253461,-1.0105,3,0
0.475968,1.226,-1.1582,3,0
0.477353,-1.09647,-0.918933,3,0
0.478739,-0.0707331,-1.66552,3,0
0.480125,-0.336884,-1.15357,2,0
0.48151,-0.322772,-1.37411,3,0
0.482896,-0.447264,-0.522624,3,0
0.484281,0.0974151,-0.634467,2,0
0.485667,-0.811238,-0.636507,2,0
0.487053,0.499028,-1.23974,2,0
0.488438,1.20137,-1.34546,2,0
0.489824,0.0911694,-0.65655,3,0
0.49121,-1.18902,-0.982908,3,0
0.492595,0.813019,-1.63451,2,0
0.493981,-0.424345,-0.543509,2,0
0.495367,-0.418539,-1.02282,3,0
0.496752,-0.300567,-0.57135,2,0
0.498138,1.24344,-1.16582,2,0
0.499523,-1.3142,-1.21907,3,0
0.500909,0.621946,-1.66353,2,0
0.502295,1.27266,-1.14246,3,0
0.50368,0.423917,-1.01662,3,0
0.505066,0.968352,-1.53526,2,0
0.506452,0.00305525,-0.659501,3,0
0.507837,0.265688,-1.73483,2,0
0.509223,-1.20531,-1.03354,3,0
0.510609,0.261483,-0.826871,2,0
0.511994,0.634824,-1.67982,2,0
0.51338,-0.0680752,-0.533433,2,0
0.514766,-0.798973,-0.537349,3,0
0.516151,0.455331,-1.28893,2,0
0.517537,-0.0651231,-0.591083,2,0
0.518922,-1.1223,-1.02501,3,0
0.520308,0.128712,-1.65643,2,0
0.521694,0.727568,-1.64255,2,0
0.523079,0.358231,-1.71967,2,0
0.524465,-0.155314,-1.4856,3,0
0.525851,0.11063,-1.58538,3,0
0.527236,-0.345438,-1.09278,3,0
0.528622,-0.412679,-0.535067,3,0
0.530008,-0.00694436,-1.60784,3,0
0.531393,0.537373,-1.28606,3,0
0.532779,1.32025,-0.918437,3,0
0.534165,0.958955,-1.52555,3,0
0.53555,0.591135,-1.66766,3,0
0.536936,0.955269,-1.56177,2,0
0.538321,-0.968114,-0.677669,3,0
0.539707,0.56381,-1.68879,3,0
0.541093,0.350369,-0.969444,3,0
0.542478,0.227485,-0.735845,2,0
0.543864,1.2099,-1.19965,2,0
0.54525,-0.382913,-1.0398,3,0
0.546635,0.223808,-0.774753,2,0
0.548021,-0.379015,-0.915629,2,0
0.549407,-0.332014,-0.933018,3,0
0.550792,1.18586,-1.36545,3,0
0.552178,-0.321977,-1.08207,3,0
0.553563,-0.387122,-1.20249,2,0
0.554949,-0.916047,-0.620209,3,0
0.556335,1.28025,-1.06637,3,0
0.55772,0.435148,-1.22307,3,0
0.559106,-0.262566,-1.19773,2,0
0.560492,0.42834,-1.01065,3,0
0.561877,-0.277442,-1.28829,2,0
0.563263,0.166155,-1.67481,2,0
0.564649,-0.0267993,-1.61873,2,0
0.566034,0.301909,-0.910392,2,0
0.56742,-0.273112,-0.509846,3,0
0.568806,0.0719307,-0.616465,3,0
0.570191,-0.121814,-0.593235,3,0
0.571577,0.261498,-0.671714,3,0
0.572962,0.124703,-1.62679,2,0
0.574348,1.09853,-1.45699,3,0
0.575734,-1.21331,-1.14188,3,0
0.577119,-0.354993,-0.44946,3,0
0.578505,-0.242011,-1.36283,3,0
0.579891,0.65153,-1.69227,3,0
0.581276,-0.135239,-0.469809,2,0
0.582662,-0.140917,-0.568641,2,0
0.584048,0.34816,-0.916528,3,0
0.585433,-1.35503,-1.20996,3,0
0.586819,-1.24479,-1.00149,3,0
0.588205,-0.338305,-1.34255,3,0
0.58959,-0.12531,-0.590318,3,0
0.590976,-0.0906412,-0.547693,2,0
0.592361,-0.367035,-0.950623,2,0
0.593747,0.799293,-1.66633,3,0
0.595133,1.33562,-1.08672,2,0
0.596518,-0.14685,-0.528266,3,0
0.597904,0.445157,-1.01055,3,0
0.59929,0.568787,-1.68105,3,0
0.600675,0.0780112,-1.58998,3,0
0.602061,-0.389269,-1.04471,3,0
0.603447,-0.742923,-0.60575,2,0
0.604832,-0.0998717,-0.553815,3,0
0.606218,-0.200655,-0.478562,2,0
0.607603,-0.311974,-1.32978,2,0
0.608989,1.25605,-1.01643,3,0
0.610375,0.197754,-1.69224,2,0
0.61176,0.892359,-1.58585,2,0
0.613146,-0.347004,-0.496952,3,0
0.614532,-0.29227,-1.37372,3,0
0.615917,1.30077,-0.988039,2,0
0.617303,-1.1152,-0.98211,2,0
0.618689,1.07148,-1.48445,3,0
0.620074,-0.316785,-1.07742,2,0
0.62146,-0.205375,-1.46898,2,0
0.622846,-0.189397,-0.494667,2,0
0.624231,-0.964084,-0.805307,3,0
0.625617,1.26386,-0.915182,2,0
0.627002,1.2856,-0.948981,2,0
0.628388,0.361865,-1.08604,3,0
0.629774,-0.34747,-0.990446,3,0
0.631159,-0.090438,-1.46849,3,0
0.632545,0.436086,-1.18761,3,0
0.633931,-0.9686,-0.756008,3,0
0.635316,-0.901028,-0.617434,3,0
0.636702,1.22763,-1.16322,2,0
0.638088,0.0737527,-1.66186,3,0
0.639473,-0.682794,-0.543573,2,0
0.640859,0.83049,-1.69198,2,0
0.642244,-1.09082,-0.945958,2,0
0.64363,0.699075,-1.64528,2,0
0.645016,-0.661135,-0.548558,2,0
0.646401,-0.887022,-0.704586,3,0
0.647787,-0.0216809,-0.577352,3,0
0.649173,1.21682,-1.17966,2,0
0.650558,0.387208,-0.967906,2,0
0.651944,-0.724282,-0.564856,2,0
0.65333,1.09663,-1.41207,2,0
0.654715,-0.646585,-0.504975,3,0
0.656101,1.225,-1.29241,3,0
0.657487,-0.349913,-1.35627,2,0
0.658872,0.512841,-1.71905,3,0
0.660258,0.249014,-0.897244,3,0
0.661643,0.44577,-1.72667,2,0
0.663029,1.20718,-0.990902,2,0
0.664415,0.69225,-1.63779,2,0
0.6658,0.304226,-0.769181,2,0
0.667186,-0.372403,-0.546839,2,0
0.668572,0.797683,-1.55754,2,0
0.669957,-1.15564,-1.18832,3,0
0.671343,0.220191,-1.7402,2,0
0.672729,1.13609,-1.23772,3,0
0.674114,-1.03341,-0.784175,2,0
0.6755,0.0744973,-1.65683,2,0
0.676886,-0.0196244,-0.508227,2,0
0.678271,0.436838,-1.16216,3,0
0.679657,-0.220857,-1.45225,2,0
0.681042,0.337218,-0.905384,3,0
0.682428,-0.706059,-0.596821,2,0
0.683814,-0.000590369,-1.54799,3,0
0.685199,0.339355,-1.70742,3,0
0.686585,-1.03392,-0.764693,2,0
0.687971,0.992315,-1.39063,3,0
0.689356,-1.15243,-1.00144,2,0
0.690742,0.0895597,-0.757398,3,0
0.692128,-0.299186,-1.18467,2,0
0.693513,-0.581157,-0.565933,2,0
0.694899,0.0059147,-0.628783,3,0
0.696284,-0.57623,-0.521291,3,0
0.69767,0.0186642,-1.51555,2,0
0.699056,1.28373,-0.847619,2,0
0.700441,-0.0718919,-1.52302,3,0
0.701827,1.12607,-1.34156,3,0
0.703213,0.712771,-1.67009,2,0
0.704598,1.06557,-1.39261,3,0
0.705984,-1.03848,-0.846503,3,0
0.70737,0.197005,-0.778961,3,0
0.708755,0.789064,-1.57337,2,0
0.710141,-0.0118105,-0.457525,2,0
0.711527,0.498671,-1.25986,3,0
0.712912,0.609764,-1.65906,3,0
0.714298,-1.31368,-1.24047,2,0
0.715683,-0.825228,-0.61661,2,0
0.717069,-1.13269,-0.942628,2,0
0.718455,-1.14636,-1.15968,3,0
0.71984,0.25033,-0.801894,3,0
0.721226,-1.08658,-0.93658,2,0
0.722612,0.486889,-1.17956,2,0
0.723997,0.871109,-1.60064,3,0
0.725383,0.352418,-0.977966,2,0
0.726769,1.11932,-1.3683,3,0
0.728154,0.113382,-1.61382,2,0
0.72954,0.698,-1.59023,3,0
0.730925,-0.29328,-1.42907,3,0
0.732311,-0.0660482,-1.54589,3,0
0.733697,-0.916596,-0.630424,2,0
0.735082,0.15718,-1.62983,3,0
0.736468,0.997218,-1.43673,3,0
0.737854,0.367952,-0.948817,3,0
0.739239,-0.231512,-0.490295,3,0
0.740625,-0.482802,-1.0134,3,0
0.742011,-0.493938,-0.422441,2,0
0.743396,1.05779,-1.36465,2,0
0.744782,0.140522,-0.753069,3,0
0.746168,-1.15298,-0.996984,2,0
0.747553,1.26122,-1.00686,3,0
0.748939,-0.107197,-1.50615,3,0
0.750324,-0.141764,-0.565594,3,0
0.75171,-0.493652,-0.511291,3,0
0.753096,-0.275919,-1.31896,2,0
0.754481,1.11949,-1.3714,2,0
0.755867,-1.21591,-1.06819,3,0
0.757253,-1.15584,-0.900656,2,0
0.758638,0.397993,-1.01201,2,0
0.760024,-0.92857,-0.617748,2,0
0.76141,-0.927036,-0.664662,3,0
0.762795,0.306174,-1.71256,2,0
0.764181,0.245086,-1.71485,3,0
0.765567,-0.0646861,-1.45578,3,0
0.766952,0.703545,-1.64481,3,0
0.768338,0.357271,-1.70702,3,0
0.769723,-0.750222,-0.589652,3,0
0.771109,1.15392,-1.28548,2,0
0.772495,0.132203,-0.698352,3,0
0.77388,0.668707,-1.74631,3,0
0.775266,0.470502,-1.74783,3,0
0.776652,0.544552,-1.64043,3,0
0.778037,0.383029,-0.942833,2,0
0.779423,0.76018,-1.57057,3,0
0.780809,1.16096,-1.26773,2,0
0.782194,0.927251,-1.56625,2,0
0.78358,0.572559,-1.68335,3,0
0.784965,-0.667215,-0.529279,3,0
0.786351,0.402572,-1.04655,2,0
0.787737,-0.536386,-0.490879,3,0
0.789122,0.913758,-1.58282,3,0
0.790508,1.20079,-1.30026,3,0
0.791894,-0.295768,-0.424984,3,0
0.793279,-0.382461,-1.08091,2,0
0.794665,-0.498497,-0.513146,2,0
0.796051,0.410732,-1.36532,3,0
0.797436,0.814296,-1.68536,2,0
0.798822,-1.25356,-1.25957,2,0
0.800208,0.374358,-0.981034,2,0
0.801593,-1.09242,-0.796777,3,0
0.802979,-0.238965,-1.23606,2,0
0.804364,-1.20224,-1.13565,3,0
0.80575,-0.269794,-1.27911,2,0
0.807136,1.03791,-1.47058,3,0
0.808521,-0.66568,-0.548955,3,0
0.809907,-0.16243,-1.47769,3,0
0.811293,0.440127,-1.70787,3,0
0.812678,-0.389743,-0.456028,2,0
0.814064,-0.422892,-0.481908,2,0
0.81545,0.0878719,-0.591636,3,0
0.816835,0.310146,-1.66649,3,0
0.818221,-0.208109,-1.28032,3,0
0.819607,1.28332,-1.08469,2,0
0.820992,-1.11268,-0.988396,2,0
0.822378,1.00692,-1.53946,3,0
0.823763,0.500005,-1.73102,3,0
0.825149,-0.361648,-0.555467,3,0
0.826535,-0.36047,-1.13663,3,0
0.82792,-0.311717,-0.523955,2,0
0.829306,-0.164586,-0.474525,3,0
0.830692,1.19028,-1.0403,3,0
0.832077,0.292111,-0.890097,3,0
0.833463,0.18912,-0.747502,2,0
0.834849,0.751361,-1.69945,2,0
0.836234,1.22399,-1.04775,2,0
0.83762,0.406427,-0.863238,3,0
0.839005,1.25233,-0.969258,2,0
0.840391,-1.02903,-0.776968,2,0
0.841777,0.205968,-0.686717,3,0
0.843162,0.998311,-1.52623,3,0
0.844548,1.30492,-0.956662,3,0
0.845934,0.38477,-1.00651,3,0
0.847319,-0.65233,-0.529025,3,0
0.848705,-0.391468,-0.487864,2,0
0.850091,-0.994016,-0.742737,2,0
0.851476,1.08335,-1.43957,3,0
0.852862,0.448481,-1.02903,2,0
0.854248,0.327604,-0.877133,2,0
0.855633,-0.0811457,-0.621115,3,0
0.857019,-1.181,-0.895839,3,0
0.858404,0.363754,-1.02019,3,0
0.85979,0.0238989,-1.54969,3,0
0.861176,-0.95062,-0.723489,2,0
0.862561,0.103155,-0.676688,3,0
0.863947,-1.0179,-0.796913,3,0
0.865333,0.877093,-1.59334,3,0
0.866718,0.231719,-0.838122,3,0
0.868104,-0.250594,-1.21744,2,0
0.86949,1.15928,-1.33877,2,0
0.870875,0.679934,-1.70489,2,0
0.872261,-0.93065,-0.599871,2,0
0.873646,0.69509,-1.62406,2,0
0.875032,-1.21449,-0.92266,3,0
0.876418,0.0541934,-1.62167,3,0
0.877803,1.20315,-1.2135,2,0
0.879189,1.26421,-1.1224,3,0
0.880575,0.457281,-1.25405,3,0
0.88196,-0.961977,-0.786487,3,0
0.883346,0.370846,-0.868687,3,0
0.884732,-1.1721,-1.28928,3,0
0.886117,0.17464,-1.63453,2,0
0.887503,1.05845,-1.4749,3,0
0.888889,1.22026,-1.21094,3,0
0.890274,0.354421,-0.903371,3,0
0.89166,-0.929501,-0.679111,3,0
0.893045,-0.488229,-0.503655,3,0
0.894431,-0.000283309,-0.589725,2,0
0.895817,-0.347626,-1.17032,2,0
0.897202,0.254677,-0.699223,2,0
0.898588,0.426134,-1.76103,2,0
0.899974,0.017942,-1.64983,3,0
0.901359,-0.974232,-0.660416,2,0
0.902745,0.47489,-1.06896,2,0
0.904131,-0.442217,-1.18381,2,0
0.905516,0.375139,-1.73393,2,0
0.906902,-1.17567,-0.895858,2,0
0.908288,-0.250374,-1.36362,2,0
0.909673,0.329412,-1.71368,3,0
0.911059,0.439069,-1.21258,2,0
0.912444,-0.227373,-0.474757,3,0
0.91383,-0.865339,-0.620771,2,0
0.915216,0.215176,-1.62011,2,0
0.916601,0.305337,-1.69719,3,0
0.917987,0.135183,-0.718521,2,0
0.919373,-0.584306,-0.585004,2,0
0.920758,-0.533809,-0.532813,3,0
0.922144,0.435234,-1.71799,2,0
0.92353,-1.09658,-0.914758,3,0
0.924915,-0.226542,-1.47364,2,0
0.926301,0.64845,-1.7068,3,0
0.927686,0.362806,-1.63159,2,0
0.929072,1.04551,-1.41755,3,0
0.930458,0.313211,-1.64815,2,0
0.931843,-0.033455,-0.69036,2,0
0.933229,-1.04502,-1.01755,2,0
0.934615,1.3236,-0.940893,2,0
0.936,-0.246581,-0.510114,3,0
0.937386,-0.674614,-0.491161,3,0
0.938772,0.409308,-1.13811,2,0
0.940157,0.317179,-1.6952,2,0
0.941543,-1.24483,-1.16528,2,0
0.942929,0.5385,-1.71428,3,0
0.944314,-0.614153,-0.553001,3,0
0.9457,1.20334,-1.25799,3,0
0.947085,-1.31713,-1.24437,3,0
0.948471,1.19313,-1.22009,2,0
0.949857,1.35396,-0.973147,2,0
0.951242,0.282182,-0.784421,3,0
0.952628,-0.144605,-1.5004,2,0
0.954014,-0.066428,-1.5518,3,0
0.955399,0.292368,-1.64992,2,0
0.956785,0.304267,-0.854602,2,0
0.958171,-0.51236,-0.469369,2,0
0.959556,-0.127671,-1.50121,2,0
0.960942,-0.297805,-1.33995,3,0
0.962328,-0.372005,-1.24442,2,0
0.963713,1.29403,-1.08951,2,0
0.965099,0.359672,-0.805247,3,0
0.966484,0.396022,-0.975415,3,0
0.96787,-0.197721,-0.437286,2,0
0.969256,0.0466236,-1.60563,2,0
0.970641,0.0752268,-1.62566,3,0
0.972027,-0.0265669,-0.554452,2,0
0.973413,0.0823735,-1.64009,3,0
0.974798,0.351059,-1.65481,3,0
0.976184,0.362897,-0.925867,2,0
0.97757,1.22486,-1.23415,3,0
0.978955,0.166408,-1.66206,3,0
0.980341,0.33175,-1.83906,2,0
0.981726,0.896961,-1.54353,3,0
0.983112,0.420583,-1.72358,3,0
0.984498,-1.04618,-0.984519,2,0
0.985883,-0.916735,-0.616408,2,0
0.987269,-1.20569,-1.15533,2,0
0.988655,0.807269,-1.65065,3,0
0.99004,0.487647,-1.13046,2,0
0.991426,0.461591,-1.06745,3,0
0.992812,-1.21642,-1.26233,2,0
0.994197,0.446306,-1.11726,2,0
0.995583,0.0516618,-0.68007,2,0
0.996969,1.10929,-1.3537,2,0
0.998354,0.151367,-0.781509,2,0
0.99974,-0.315458,-0.423203,2,0
1.00113,0.0954161,-1.65136,3,0
1.00251,0.604152,-1.6974,3,0
1.0039,-0.25697,-1.39544,2,0
1.00528,0.777746,-1.72901,3,0
1.00667,-1.00124,-0.818956,2,0
1.00805,0.382068,-0.96852,2,0
1.00944,-0.189339,-1.43094,3,0
1.01082,0.0406555,-1.6816,3,0
1.01221,-0.934548,-0.63019,3,0
1.0136,-0.404304,-0.897183,3,0
1.01498,-1.07263,-0.837329,3,0
1.01637,0.527695,-1.70143,2,0
1.01775,-1.21754,-0.940464,2,0
1.01914,-1.26395,-1.03827,3,0
1.02052,0.0412986,-0.636777,2,0
1.02191,-0.543216,-0.494805,3,0
1.0233,0.346328,-0.927911,2,0
1.02468,-0.259265,-0.457012,2,0
1.02607,-1.21457,-1.07766,2,0
1.02745,-0.85331,-0.753098,3,0
1.02884,-0.816254,-0.624069,3,0
1.03022,0.327472,-1.69921,3,0
1.03161,-0.425977,-0.49015,2,0
1.033,-0.705194,-0.513273,3,0
1.03438,0.484729,-1.30725,3,0
1.03577,0.0945177,-1.66992,2,0
1.03715,-0.403834,-1.08862,3,0
1.03854,0.423314,-1.13122,2,0
1.03992,0.64639,-1.73712,2,0
1.04131,-0.102126,-0.601748,3,0
1.04269,0.393232,-1.13658,2,0
1.04408,0.406439,-1.14598,3,0
1.04547,-0.826672,-0.559686,3,0
1.04685,-0.867418,-0.666976,2,0
1.04824,-0.632873,-0.465024,2,0
1.04962,0.625558,-1.71373,3,0
1.05101,1.28807,-1.09357,3,0
1.05239,0.377458,-1.25514,3,0
1.05378,-0.113464,-0.611491,2,0
1.05517,0.55844,-1.68169,3,0
1.05655,-1.02052,-0.773392,2,0
1.05794,-0.423206,-1.131,2,0
1.05932,0.665824,-1.75231,3,0
1.06071,-0.125158,-1.48853,3,0
1.06209,1.031,-1.60749,2,0
1.06348,-0.389109,-0.868105,2,0
1.06486,0.17749,-0.753293,3,0
1.06625,-0.960866,-0.775193,3,0
1.06764,0.462215,-1.09128,2,0
1.06902,-0.427739,-1.12756,2,0
1.07041,-0.448955,-0.977789,3,0
1.07179,-0.0301206,-0.686071,3,0
1.07318,0.317104,-1.00554,2,0
1.07456,0.25093,-0.733825,3,0
1.07595,0.449586,-1.24202,3,0
1.07734,0.831903,-1.62456,2,0
1.07872,0.45223,-1.68015,2,0
1.08011,-1.0789,-0.939068,3,0
1.08149,1.22827,-1.08825,2,0
1.08288,-0.397196,-1.13604,2,0
1.08426,-0.440568,-0.94018,2,0
1.08565,1.21394,-1.09901,3,0
1.08704,-1.17732,-0.862961,2,0
1.08842,0.717645,-1.68243,3,0
1.08981,-0.908064,-0.699214,3,0
1.09119,0.84457,-1.63113,3,0
1.09258,0.931498,-1.47851,2,0
1.09396,-0.457628,-0.549332,3,0
1.09535,-0.762486,-0.642437,2,0
1.09673,0.102839,-0.655571,3,0
1.09812,-1.05855,-0.674569,2,0
1.09951,-0.427987,-0.92807,3,0
1.10089,-0.966587,-0.726735,3,0
1.10228,-0.733719,-0.582071,3,0
1.10366,0.433342,-1.04956,2,0
1.10505,0.442619,-1.75869,3,0
1.10643,-0.312465,-1.06955,3,0
1.10782,-0.0216864,-1.54103,3,0
1.10921,0.868072,-1.53688,3,0
1.11059,-0.204885,-1.513,2,0
1.11198,0.0356644,-1.60715,3,0
1.11336,-0.13579,-1.46335,3,0
1.11475,0.406531,-1.68853,3,0
1.11613,0.525324,-1.71659,3,0
1.11752,0.55001,-1.71255,2,0
1.1189,-0.213955,-1.30617,3,0
1.12029,-1.19967,-1.10574,2,0
1.12168,-0.484774,-0.433526,3,0
1.12306,1.10672,-1.44732,3,0
1.12445,-0.398819,-1.02827,3,0
1.12583,-1.02093,-0.807601,2,0
1.12722,-1.14225,-1.30228,2,0
1.1286,1.14106,-1.46428,3,0
1.12999,1.12719,-1.16605,3,0
1.13138,1.19203,-1.1788,2,0
1.13276,0.355658,-0.779826,3,0
1.13415,0.0965405,-0.718649,2,0
1.13553,-0.410459,-1.09985,3,0
1.13692,-0.928672,-0.76891,2,0
1.1383,-0.0936718,-0.564263,3,0
1.13969,-0.769533,-0.662507,3,0
1.14108,1.05728,-1.41096,2,0
1.14246,0.679721,-1.59584,2,0
1.14385,-0.436106,-0.966153,3,0
1.14523,0.53802,-1.69509,2,0
1.14662,-1.22977,-1.26576,2,0
1.148,-0.310792,-0.539793,3,0
1.14939,-0.293915,-1.13811,2,0
1.15077,-1.19089,-0.749192,2,0
1.15216,-0.298185,-1.18323,2,0
1.15355,-0.312436,-0.588874,2,0
1.15493,-1.19568,-1.07018,3,0
1.15632,0.282238,-0.854704,3,0
1.1577,1.0393,-1.54413,2,0
1.15909,1.26719,-1.02514,2,0
1.16047,-0.368378,-1.02433,2,0
1.16186,-0.21554,-1.35943,3,0
1.16325,-0.276528,-0.478721,2,0
1.16463,-0.876147,-0.681481,3,0
1.16602,-0.300544,-1.1475,2,0
1.1674,1.2341,-1.30715,3,0
1.16879,1.23989,-1.07422,2,0
1.17017,-0.299713,-0.499501,2,0
1.17156,0.403206,-1.30906,3,0
1.17294,0.0268165,-0.527345,3,0
1.17433,-0.632975,-0.517338,2,0
1.17572,-0.233418,-1.43736,2,0
1.1771,-1.05941,-0.774769,2,0
1.17849,-0.278031,-1.06835,3,0
1.17987,-0.832775,-0.64737,2,0
1.18126,1.03511,-1.50477,3,0
1.18264,-0.0019871,-1.64916,2,0
1.18403,0.265001,-0.805954,3,0
1.18542,-0.207659,-0.570235,2,0
1.1868,-0.797222,-0.599656,3,0
1.18819,-1.15454,-0.915664,3,0
1.18957,0.678973,-1.62855,2,0
1.19096,0.168917,-0.803566,3,0
1.19234,0.000321835,-0.640205,2,0
1.19373,1.23897,-0.965065,3,0
1.19512,0.238898,-0.755821,2,0
1.1965,0.422479,-1.11302,3,0
1.19789,0.328853,-0.817086,2,0
1.19927,-1.00054,-0.648946,2,0
1.20066,-0.874957,-0.690182,2,0
1.20204,-1.14128,-1.04215,2,0
1.20343,-0.320157,-1.1972,2,0
1.20481,-0.878731,-0.674489,2,0
1.2062,1.32911,-1.02475,2,0
1.20759,-0.355371,-0.475266,3,0
1.20897,0.976086,-1.51177,3,0
1.21036,0.669522,-1.64496,3,0
1.21174,-1.00218,-0.774776,2,0
1.21313,0.975699,-1.47797,2,0
1.21451,-0.023557,-0.547007,3,0
1.2159,1.03739,-1.5414,2,0
1.21729,0.983476,-1.48123,3,0
1.21867,0.804515,-1.53721,2,0
1.22006,0.382639,-0.95172,3,0
1.22144,0.213951,-1.66657,3,0
1.22283,-0.65563,-0.537874,3,0
1.22421,0.339403,-1.00839,2,0
1.2256,-0.22327,-1.3909,3,0
1.22698,0.0693755,-1.53899,2,0
1.22837,1.15458,-1.27885,3,0
1.22976,1.21503,-1.04013,3,0
1.23114,1.05262,-1.42164,2,0
1.23253,0.277776,-1.69286,2,0
1.23391,0.171465,-0.720909,2,0
1.2353,0.889862,-1.5754,2,0
1.23668,0.394527,-1.315,3,0
1.23807,1.13009,-1.37548,3,0
1.23946,-0.326163,-1.12743,3,0
1.24084,-0.195893,-1.32305,2,0
1.24223,-0.703216,-0.535579,3,0
1.24361,-0.270747,-1.29261,3,0
1.245,-1.08753,-0.813577,2,0
1.24638,0.0204581,-0.554046,2,0
1.24777,-1.10874,-0.946668,3,0
1.24916,0.526633,-1.72,3,0
1.25054,1.1789,-1.25486,2,0
1.25193,-0.230352,-1.41573,3,0
1.25331,-1.12119,-1.04329,3,0
1.2547,0.985233,-1.47525,3,0
1.25608,-0.0568923,-1.52471,3,0
1.25747,-1.06049,-0.893726,2,0
1.25885,-0.735519,-0.633346,2,0
1.26024,-1.03368,-0.723757,3,0
1.26163,-0.405591,-1.0225,2,0
1.26301,0.967411,-1.49063,2,0
1.2644,-1.18967,-1.06437,2,0
1.26578,0.368326,-1.73509,3,0
1.26717,0.0276861,-0.588484,2,0
1.26855,1.26905,-0.912361,3,0
1.26994,-0.314171,-1.18367,2,0
1.27133,0.823333,-1.69714,2,0
1.27271,0.689999,-1.63858,3,0
1.2741,-1.03866,-0.867866,2,0
1.27548,0.130771,-0.701659,3,0
1.27687,-0.386906,-1.06066,2,0
1.27825,0.957766,-1.5014,3,0
1.27964,1.18603,-0.956963,2,0
1.28102,0.795354,-1.64486,2,0
1.28241,-0.133754,-0.507399,2,0
1.2838,-1.13546,-1.0825,3,0
1.28518,0.152496,-0.726621,3,0
1.28657,-1.03247,-0.733649,2,0
1.28795,0.0224751,-0.627159,2,0
1.28934,-0.419034,-1.11805,3,0
1.29072,-0.456334,-0.519525,3,0
1.29211,-1.09945,-0.873999,3,0
1.2935,0.96777,-1.47852,2,0
1.29488,0.21573,-0.6984,3,0
1.29627,0.132657,-0.696468,3,0
1.29765,0.370627,-0.988644,3,0
1.29904,-0.113125,-1.47392,2,0
1.30042,-0.503134,-0.526121,2,0
1.30181,1.33891,-1.09617,3,0
1.3032,-0.871637,-0.641158,3,0
1.30458,-0.359967,-0.486458,2,0
1.30597,-0.00750021,-0.568721,3,0
1.30735,-0.231078,-1.41464,2,0
1.30874,-0.683828,-0.586308,3,0
1.31012,0.114997,-1.63136,2,0
1.31151,0.592631,-1.7662,2,0
1.31289,-0.438687,-0.455362,2,0
1.31428,-0.282097,-0.520866,3,0
1.31567,1.17568,-1.2803,2,0
1.31705,-0.703596,-0.589754,3,0
1.31844,-1.15028,-1.11679,3,0
1.31982,0.0675985,-1.62173,2,0
1.32121,-0.0456343,-1.6461,3,0
1.32259,0.543505,-1.791,2,0
1.32398,-1.20756,-1.14651,3,0
1.32537,0.0199573,-0.663874,3,0
1.32675,-0.067539,-0.626126,3,0
1.32814,0.0648466,-0.679126,3,0
1.32952,-0.167438,-0.552352,2,0
1.33091,-0.441564,-0.887237,2,0
1.33229,-0.113495,-0.591162,2,0
1.33368,-0.786519,-0.568125,3,0
1.33506,0.0667151,-1.5136,3,0
1.33645,0.335109,-1.76605,2,0
1.33784,0.845476,-1.5885,3,0
1.33922,0.925701,-1.46742,3,0
1.34061,1.32028,-0.873263,3,0
1.34199,1.08221,-1.43159,2,0
1.34338,-0.350155,-1.27415,2,0
1.34476,0.284093,-0.943503,2,0
1.34615,0.725084,-1.61863,3,0
1.34754,0.0980132,-1.70863,3,0
1.34892,1.19472,-1.19179,2,0
1.35031,0.928834,-1.61115,3,0
1.35169,-0.262392,-0.442082,2,0
1.35308,0.319549,-1.69254,3,0
1.35446,1.13145,-1.34809,3,0
1.35585,0.193009,-0.801957,3,0
1.35724,-0.622074,-0.511908,2,0
1.35862,-1.16088,-1.0619,2,0
1.36001,1.26863,-1.16121,2,0
1.36139,0.454143,-1.03266,2,0
1.36278,-1.03245,-0.805313,3,0
1.36416,1.31129,-1.17274,2,0
1.36555,1.24998,-0.916601,2,0
1.36693,-0.044926,-1.63595,2,0
1.36832,-0.495327,-0.48407,2,0
1.36971,-1.28997,-1.29125,2,0
1.37109,-1.23275,-1.21762,3,0
1.37248,-0.0275918,-1.64147,3,0
1.37386,-0.496466,-0.504347,2,0
1.37525,0.433693,-1.11566,2,0
1.37663,0.302293,-0.784189,2,0
1.37802,0.392933,-1.13035,2,0
1.37941,-0.139864,-0.51927,3,0
1.38079,-0.189975,-1.42046,2,0
1.38218,-0.0290524,-0.556089,3,0
1.38356,-0.321441,-1.34399,3,0
1.38495,1.25788,-1.00278,2,0
1.38633,-0.3253,-1.35236,2,0
1.38772,-0.395242,-1.00122,3,0
1.3891,0.383939,-1.19634,2,0
1.39049,-0.220521,-1.43289,2,0
1.39188,0.310355,-0.785666,2,0
1.39326,0.149865,-0.6626,2,0
1.39465,-0.869136,-0.564748,2,0
1.39603,-0.214854,-0.467021,3,0
1.39742,0.41088,-1.21377,2,0
1.3988,-0.633107,-0.504305,2,0
1.40019,0.316342,-1.64941,2,0
1.40158,0.451659,-0.994387,3,0
1.40296,1.27126,-0.949738,2,0
1.40435,1.04252,-1.40705,2,0
1.40573,1.14316,-1.36152,3,0
1.40712,0.3475,-1.02127,3,0
1.4085,1.06365,-1.30752,3,0
1.40989,1.30458,-1.08122,3,0
1.41128,-0.0869727,-1.58459,2,0
1.41266,-0.369578,-1.10413,3,0
1.41405,-1.22904,-1.2494,3,0
1.41543,-0.34966,-1.126,2,0
1.41682,0.371785,-1.03421,2,0
1.4182,-1.12656,-0.875595,2,0
1.41959,-1.02846,-0.680734,2,0
1.42097,1.09066,-1.42753,2,0
1.42236,-0.744497,-0.620194,3,0
1.42375,-1.17596,-0.998047,2,0
1.42513,0.565248,-1.68544,2,0
1.42652,-0.283496,-0.564626,2,0
1.4279,0.0427309,-1.61904,2,0
1.42929,-0.357632,-1.16961,3,0
1.43067,-1.2185,-1.08558,2,0
1.43206,-1.13372,-0.912636,3,0
1.43345,1.0519,-1.39383,2,0
1.43483,-0.756712,-0.522728,3,0
1.43622,1.05035,-1.47764,2,0
1.4376,0.0936091,-1.67849,3,0
1.43899,-0.213415,-0.543254,2,0
1.44037,1.00499,-1.479,2,0
1.44176,-0.685872,-0.481142,2,0
1.44314,0.531468,-1.22638,2,0
1.44453,0.531199,-1.7244,2,0
1.44592,-1.10797,-0.925091,3,0
1.4473,-0.686557,-0.595293,2,0
1.44869,-0.102807,-0.507874,3,0
1.45007,-1.23716,-1.14698,2,0
1.45146,0.170227,-0.653298,2,0
1.45284,-0.397864,-1.10788,2,0
1.45423,0.202664,-1.63307,3,0
1.45562,0.308028,-1.68593,2,0
1.457,-0.101295,-1.59628,2,0
1.45839,-0.223355,-1.48902,3,0
1.45977,-0.121535,-0.49492,2,0
1.46116,1.24513,-1.154,2,0
1.46254,1.17545,-1.22295,2,0
1.46393,1.16434,-1.24616,2,0
1.46532,-0.403016,-0.896368,2,0
1.4667,0.767405,-1.65302,3,0
1.46809,-0.247295,-0.527931,3,0
1.46947,-1.10122,-0.90457,3,0
1.47086,0.334337,-1.66324,3,0
1.47224,-0.293065,-1.20731,3,0
1.47363,-0.696936,-0.538774,3,0
1.47501,-0.0259029,-0.545695,3,0
1.4764,0.915561,-1.51581,2,0
1.47779,0.987454,-1.57988,2,0
1.47917,0.156927,-1.61848,3,0
1.48056,-0.223489,-1.46896,2,0
1.48194,-0.145157,-1.41461,3,0
1.48333,-1.26619,-1.2389,2,0
1.48471,-0.577085,-0.519484,3,0
1.4861,-0.122768,-1.43358,3,0
1.48749,0.401198,-1.23288,2,0
1.48887,-0.0327512,-0.636246,2,0
1.49026,-1.1415,-0.869713,2,0
1.49164,1.1765,-1.26786,2,0
1.49303,-0.276878,-1.26131,3,0
1.49441,-0.0568248,-0.608272,3,0
1.4958,-0.77986,-0.593289,3,0
1.49718,0.244437,-1.71535,2,0
1.49857,-0.0928427,-0.495843,3,0
1.49996,-1.22841,-1.18378,2,0
1.50134,0.90425,-1.61155,2,0
1.50273,0.235138,-1.65861,3,0
1.50411,-0.450281,-0.547783,3,0
1.5055,-0.260527,-1.4106,2,0
1.50688,0.367476,-1.73961,3,0
1.50827,-1.25417,-1.29812,3,0
1.50966,0.182966,-0.674012,2,0
1.51104,-0.90256,-0.595485,2,0
1.51243,0.898948,-1.57447,3,0
1.51381,-1.23637,-1.31051,3,0
1.5152,-0.193866,-1.15699,3,0
1.51658,-0.186387,-1.37645,2,0
1.51797,-0.14973,-0.445957,3,0
1.51936,0.134761,-0.682821,3,0
1.52074,-1.06973,-0.889168,2,0
1.52213,-0.0404342,-1.59657,2,0
1.52351,-1.23829,-1.18614,2,0
1.5249,0.275877,-1.67162,2,0
1.52628,0.138173,-0.640651,2,0
1.52767,0.966927,-1.48941,3,0
1.52905,1.05797,-1.35376,2,0
1.53044,0.39131,-1.31644,3,0
1.53183,-0.432885,-0.451674,2,0
1.53321,0.311708,-0.86287,3,0
1.5346,-0.128676,-0.572524,3,0
1.53598,1.27132,-0.956096,2,0
1.53737,0.504549,-1.77564,3,0
1.53875,-0.447155,-1.23716,2,0
1.54014,0.775762,-1.64227,2,0
1.54153,0.534505,-1.7049,3,0
1.54291,-0.423257,-1.12434,2,0
1.5443,1.25814,-1.21012,3,0
1.54568,-0.46355,-1.06732,3,0
1.54707,1.19293,-1.23113,2,0
1.54845,-0.756642,-0.593565,3,0
1.54984,0.433355,-0.920333,2,0
1.55122,0.197144,-1.64481,2,0
1.55261,0.337785,-0.946641,3,0
1.554,-0.455996,-0.490053,2,0
1.55538,1.2066,-0.964407,3,0
1.55677,0.144746,-0.642299,3,0
1.55815,1.22574,-1.19098,3,0
1.55954,-0.318774,-0.996777,3,0
1.56092,1.18596,-1.23235,3,0
1.56231,-1.24155,-1.19055,2,0
1.5637,-0.330606,-1.22284,3,0
1.56508,0.590173,-1.75239,3,0
1.56647,-1.23484,-1.09866,3,0
1.56785,-0.386047,-0.586332,3,0
1.56924,0.525201,-1.71645,3,0
1.57062,0.824602,-1.55246,2,0
1.57201,-0.91684,-0.790772,2,0
1.5734,-0.825209,-0.53415,3,0
1.57478,0.204326,-1.71793,2,0
1.57617,0.0469551,-0.616596,3,0
1.57755,1.22108,-1.17247,3,0
1.57894,-0.601132,-0.523749,2,0
1.58032,-0.16738,-0.537955,3,0
1.58171,-0.336085,-1.28861,3,0
1.58309,-0.840813,-0.62559,3,0
1.58448,-0.323956,-0.412472,3,0
1.58587,0.69373,-1.69836,3,0
1.58725,0.270005,-0.873004,2,0
1.58864,0.402401,-1.77213,3,0
1.59002,-0.0492849,-1.64604,2,0
1.59141,1.08755,-1.31586,2,0
1.59279,0.566813,-1.71298,3,0
1.59418,-1.12623,-0.988295,3,0
1.59557,-0.589344,-0.515754,3,0
1.59695,-0.0618944,-1.53889,3,0
1.59834,-0.0683699,-0.523908,3,0
1.59972,-0.264603,-1.41609,2,0
1.60111,1.21411,-1.26075,2,0
1.60249,0.0736802,-0.609726,3,0
1.60388,-0.970396,-0.633692,2,0
1.60526,-1.00597,-0.741128,2,0
1.60665,-0.534054,-0.484926,3,0
1.60804,0.235369,-0.690798,2,0
1.60942,0.237387,-1.71572,2,0
1.61081,0.593418,-1.72411,2,0
1.61219,0.369265,-1.19554,3,0
1.61358,-0.22207,-1.39619,3,0
1.61496,0.0128226,-1.59916,2,0
1.61635,-0.53403,-0.525807,3,0
1.61774,1.11368,-1.31448,3,0
1.61912,-1.27613,-1.19877,2,0
1.62051,0.371762,-1.67948,2,0
1.62189,-0.948944,-0.751817,2,0
1.62328,0.389014,-1.10963,3,0
1.62466,-0.107814,-0.562743,3,0
1.62605,0.350669,-0.834598,2,0
1.62744,0.489914,-1.29615,2,0
1.62882,-1.23253,-1.10886,2,0
1.63021,-0.654166,-0.481549,3,0
1.63159,1.13301,-1.44211,3,0
1.63298,-0.153854,-1.46812,3,0
1.63436,-0.79231,-0.548528,2,0
1.63575,0.835057,-1.67875,3,0
1.63713,0.458029,-1.19715,2,0
1.63852,-0.199026,-1.30819,3,0
1.63991,0.451465,-1.08935,3,0
1.64129,-1.23261,-1.27851,3,0
1.64268,0.657061,-1.62028,2,0
1.64406,-0.440753,-0.947941,3,0
1.64545,1.21593,-1.08674,2,0
1.64683,-0.41101,-1.15185,2,0
1.64822,1.15056,-1.35136,2,0
1.64961,-1.16816,-1.08643,2,0
1.65099,-1.02076,-0.728385,3,0
1.65238,0.310184,-0.984212,2,0
1.65376,-0.364452,-1.08881,2,0
1.65515,-1.2303,-1.12079,2,0
1.65653,-0.0887703,-1.46407,3,0
1.65792,-1.09771,-0.980177,2,0
1.6593,-0.251715,-1.46179,3,0
1.66069,-0.00696995,-1.62755,3,0
1.66208,0.328864,-1.69491,3,0
1.66346,-0.458687,-0.514104,3,0
1.66485,-0.182844,-0.493671,3,0
1.66623,-0.810194,-0.525032,3,0
1.66762,1.08757,-1.35986,3,0
1.669,-0.423336,-1.03535,3,0
1.67039,-0.672337,-0.489179,3,0
1.67178,-0.455398,-1.1247,3,0
1.67316,0.842104,-1.6564,3,0
1.67455,-0.718698,-0.600985,3,0
1.67593,0.415301,-1.26181,3,0
1.67732,-1.14318,-0.815224,2,0
1.6787,0.213995,-0.650645,3,0
1.68009,0.276657,-0.843931,2,0
1.68148,1.07461,-1.45903,3,0
1.68286,-1.24844,-1.22572,2,0
1.68425,-0.412121,-0.957156,2,0
1.68563,0.457314,-1.75433,3,0
1.68702,-0.253493,-0.49786,3,0
1.6884,-0.3167,-1.30049,2,0
1.68979,-0.244405,-1.19398,3,0
1.69117,-1.01856,-0.804746,3,0
1.69256,1.20845,-1.31989,3,0
1.69395,0.00523136,-1.61936,2,0
1.69533,-1.24863,-1.26845,2,0
1.69672,-0.403274,-0.500955,2,0
1.6981,1.16489,-1.35498,3,0
1.69949,-1.17026,-1.14888,2,0
1.70087,1.13075,-1.36539,2,0
1.70226,-0.951573,-0.681679,2,0
1.70365,-0.370294,-0.543913,2,0
1.70503,-0.491995,-0.506835,2,0
1.70642,-0.0684061,-0.62665,2,0
1.7078,-0.538321,-0.585386,2,0
1.70919,-1.06168,-0.808136,3,0
1.71057,-0.40256,-0.916387,2,0
1.71196,0.409434,-1.70867,3,0
1.71334,-0.336261,-1.30322,2,0
1.71473,1.28558,-1.05116,2,0
1.71612,0.192667,-0.710892,2,0
1.7175,0.103248,-0.667426,3,0
1.71889,1.23906,-1.17744,2,0
1.72027,0.855845,-1.54725,2,0
1.72166,-0.159709,-1.49638,2,0
1.72304,0.199036,-1.69319,2,0
1.72443,1.15001,-1.37937,3,0
1.72582,0.577976,-1.76446,3,0
1.7272,0.391264,-0.943555,3,0
1.72859,1.13267,-1.29939,2,0
1.72997,-0.298234,-0.544233,3,0
1.73136,0.474078,-1.07739,2,0
